ticker,cusip,rank,manager,entities,shares,value_usd,value_$m,pct_of_13f_value,prev_shares,delta_shares,delta_%,status
NVDA,67066G104,1,Vanguard,10,2296779059,400754258467,400754,15.05,2270376945,26402114,1.2,increased
NVDA,67066G104,2,BlackRock,1,1925533174,335812985602,335813,12.61,1943812884,-18279710,-0.9,decreased
NVDA,67066G104,3,State Street,1,993885601,173343323230,173343,6.51,991480489,2405112,0.2,increased
NVDA,67066G104,4,Fidelity (FMR),2,993855056,173328321737,173328,6.51,971065357,22789699,2.3,increased
NVDA,67066G104,5,Geode,1,601327167,104562529968,104563,3.93,588803093,12524074,2.1,increased
NVDA,67066G104,6,Capital Group,10,425812741,74251362687,74251,2.79,410372266,15440475,3.8,increased
NVDA,67066G104,7,Morgan Stanley,2,342960371,59812289235,59812,2.25,323776224,19184147,5.9,increased
NVDA,67066G104,8,UBS,2,282147463,49206517496,49207,1.85,273466571,8680892,3.2,increased
NVDA,67066G104,9,Northern Trust,1,252741836,44078176199,44078,1.66,253789803,-1047967,-0.4,decreased
NVDA,67066G104,10,Bank of America,2,191248233,33353691973,33354,1.25,187225945,4022288,2.1,increased
NVDA,67066G104,11,Goldman Sachs,1,180908765,31550488745,31550,1.19,166656211,14252554,8.6,increased
NVDA,67066G104,12,Legal & General,1,169227527,29513280714,29513,1.11,171472969,-2245442,-1.3,decreased
NVDA,67066G104,13,Charles Schwab,2,160929501,28066103303,28066,1.05,156122108,4807393,3.1,increased
NVDA,67066G104,14,BNY Mellon,1,153763594,26816370721,26816,1.01,157885163,-4121569,-2.6,decreased
NVDA,67066G104,15,Invesco,1,142760706,24897467149,24897,0.94,143278931,-518225,-0.4,decreased
NVDA,67066G104,16,"Nuveen, LLC",1,140183243,24447957580,24448,0.92,135827760,4355483,3.2,increased
NVDA,67066G104,17,Deutsche Bank,3,141770696,24286533552,24287,0.91,142691997,-921301,-0.6,decreased
NVDA,67066G104,18,WELLINGTON MANAGEMENT,1,133855881,23344465647,23344,0.88,140706711,-6850830,-4.9,decreased
NVDA,67066G104,19,Amundi,1,133768018,23329141431,23329,0.88,121192841,12575177,10.4,increased
NVDA,67066G104,20,HSBC HOLDINGS,1,127607532,23058576633,23059,0.87,0,127607532,,NEW
NVDA,67066G104,21,AllianceBernstein,1,98528485,18375562453,18376,0.69,101114538,-2586053,-2.6,decreased
NVDA,67066G104,22,Franklin,1,96549380,16838206330,16838,0.63,96838992,-289612,-0.3,decreased
NVDA,67066G104,23,Dimensional,1,94521253,16479126200,16479,0.62,93966032,555221,0.6,increased
NVDA,67066G104,24,ROYAL BANK,1,93002851,16219697000,16220,0.61,102417256,-9414405,-9.2,decreased
NVDA,67066G104,25,Ameriprise,1,92071703,16060690441,16061,0.6,94179262,-2107559,-2.2,decreased
MU,595112103,1,Vanguard,10,107644920,36366759841,36367,13.39,106780930,863990,0.8,increased
MU,595112103,2,BlackRock,1,103147586,34847380573,34847,12.83,100701543,2446043,2.4,increased
MU,595112103,3,Capital Group,8,55698556,18813954751,18814,6.93,88626140,-32927584,-37.2,decreased
MU,595112103,4,State Street,1,52239483,17656292509,17656,6.5,52749817,-510334,-1.0,decreased
MU,595112103,5,Fidelity (FMR),1,32054565,10829313960,10829,3.99,39596338,-7541773,-19.0,decreased
MU,595112103,6,Geode,1,27432757,9239026337,9239,3.4,25997769,1434988,5.5,increased
MU,595112103,7,PRIMECAP MANAGEMENT,1,21874204,7389981079,7390,2.72,24794936,-2920732,-11.8,decreased
MU,595112103,8,Morgan Stanley,2,16845768,5691175843,5691,2.1,16396655,449113,2.7,increased
MU,595112103,9,UBS,2,15643733,5285078759,5285,1.95,17241241,-1597508,-9.3,decreased
MU,595112103,10,Goldman Sachs,1,12561670,4243834583,4244,1.56,8921504,3640166,40.8,increased
MU,595112103,11,Invesco,1,12060685,4074581787,4075,1.5,9777239,2283446,23.4,increased
MU,595112103,12,Northern Trust,1,10399487,3513362688,3513,1.29,10654349,-254862,-2.4,decreased
MU,595112103,13,Employees Provident,1,28265488,3169053612,3169,1.17,0,28265488,,NEW
MU,595112103,14,HSBC HOLDINGS,1,9002340,2827576703,2828,1.04,0,9002340,,NEW
MU,595112103,15,Bank of America,2,8044560,2717774223,2718,1.0,8499863,-455303,-5.4,decreased
MU,595112103,16,Barclays,1,7774892,2626669517,2627,0.97,8676488,-901596,-10.4,decreased
MU,595112103,17,BNY Mellon,1,7441161,2513921793,2514,0.93,8055103,-613942,-7.6,decreased
MU,595112103,18,Legal & General,1,7365733,2488439243,2488,0.92,7200153,165580,2.3,increased
MU,595112103,19,Charles Schwab,1,6984665,2359699224,2360,0.87,6973392,11273,0.2,increased
MU,595112103,20,Dimensional,1,6967065,2352282194,2352,0.87,6880577,86488,1.3,increased
MU,595112103,21,Deutsche Bank,3,7285069,2122143781,2122,0.78,7479202,-194133,-2.6,decreased
MU,595112103,22,BNP PARIBAS,3,6091432,2056847401,2057,0.76,6127939,-36507,-0.6,decreased
MU,595112103,23,Amundi,1,5970808,2017177774,2017,0.74,4989400,981408,19.7,increased
MU,595112103,24,Citigroup,1,4760739,1608368192,1608,0.59,4500503,260236,5.8,increased
MU,595112103,25,Citadel,1,4596372,1552838317,1553,0.57,3052275,1544097,50.6,increased
SNDK,80004C200,1,Vanguard,8,14611202,9283081080,9283,13.6,16989094,-2377892,-14.0,decreased
SNDK,80004C200,2,Fidelity (FMR),1,13389985,8507193119,8507,12.47,21466285,-8076300,-37.6,decreased
SNDK,80004C200,3,BlackRock,1,10403455,6609731106,6610,9.68,9624416,779039,8.1,increased
SNDK,80004C200,4,State Street,1,5573852,3541291130,3541,5.19,5281522,292330,5.5,increased
SNDK,80004C200,5,Geode,1,4212772,2672243072,2672,3.92,3655860,556912,15.2,increased
SNDK,80004C200,6,Morgan Stanley,2,2840010,1804374358,1804,2.64,2970361,-130351,-4.4,decreased
SNDK,80004C200,7,"ARROWSTREET CAPITAL,",1,2823970,1794181100,1794,2.63,3478002,-654032,-18.8,decreased
SNDK,80004C200,8,Situational Awareness,2,2280238,1448726410,1449,2.12,1054200,1226038,116.3,increased
SNDK,80004C200,9,Goldman Sachs,1,2042540,1297707149,1298,1.9,658656,1383884,210.1,increased
SNDK,80004C200,10,Jane Street,1,1787655,1135768728,1136,1.66,846163,941492,111.3,increased
SNDK,80004C200,11,Charles Schwab,1,1744286,1108214667,1108,1.62,1642168,102118,6.2,increased
SNDK,80004C200,12,BNP PARIBAS,3,1293488,821750624,822,1.2,863394,430094,49.8,increased
SNDK,80004C200,13,Millennium,2,1236124,785359022,785,1.15,1697544,-461420,-27.2,decreased
SNDK,80004C200,14,Northern Trust,1,1234681,784442227,784,1.15,1133873,100808,8.9,increased
SNDK,80004C200,15,Clear Street,1,1224583,778026563,778,1.14,0,1224583,,NEW
SNDK,80004C200,16,UBS,2,1174925,746476848,746,1.09,786784,388141,49.3,increased
SNDK,80004C200,17,D.E. Shaw,1,1172928,745208076,745,1.09,2093003,-920075,-44.0,decreased
SNDK,80004C200,18,Invesco,1,1165224,740313409,740,1.08,1326405,-161181,-12.2,decreased
SNDK,80004C200,19,Deutsche Bank,2,1028625,653526607,654,0.96,917546,111079,12.1,increased
SNDK,80004C200,20,Bank of America,1,999802,635214037,635,0.93,1645125,-645323,-39.2,decreased
SNDK,80004C200,21,Susquehanna,1,986344,626663797,627,0.92,113382,872962,769.9,increased
SNDK,80004C200,22,Anther Capital,1,889568,565178133,565,0.83,0,889568,,NEW
SNDK,80004C200,23,Polar Capital,1,877032,557213511,557,0.82,1268237,-391205,-30.8,decreased
SNDK,80004C200,24,Dimensional,1,876910,556611662,557,0.82,958462,-81552,-8.5,decreased
SNDK,80004C200,25,Amundi,1,872632,554418015,554,0.81,370466,502166,135.5,increased
AVGO,11135F101,1,Vanguard,10,485097884,150142646146,150143,14.38,483509379,1588505,0.3,increased
AVGO,11135F101,2,BlackRock,1,385944774,119453766785,119454,11.44,379894948,6049826,1.6,increased
AVGO,11135F101,3,Capital Group,9,320117457,99048657094,99049,9.49,355594918,-35477461,-10.0,decreased
AVGO,11135F101,4,State Street,1,191380232,59234095606,59234,5.67,190084351,1295881,0.7,increased
AVGO,11135F101,5,Fidelity (FMR),2,124113765,38414451712,38414,3.68,123193746,920019,0.7,increased
AVGO,11135F101,6,Geode,1,114280922,35282186681,35282,3.38,111277280,3003642,2.7,increased
AVGO,11135F101,7,Morgan Stanley,2,75938182,23503627627,23504,2.25,72967622,2970560,4.1,increased
AVGO,11135F101,8,UBS,2,63684851,19711098233,19711,1.89,57249704,6435147,11.2,increased
AVGO,11135F101,9,Bank of America,2,58743648,18181746518,18182,1.74,57847496,896152,1.5,increased
AVGO,11135F101,10,WELLINGTON MANAGEMENT,1,49687982,15378927308,15379,1.47,47385880,2302102,4.9,increased
AVGO,11135F101,11,Northern Trust,1,47625547,14740583050,14741,1.41,47744014,-118467,-0.2,decreased
AVGO,11135F101,12,"Nuveen, LLC",1,36250901,11220016360,11220,1.07,36722111,-471210,-1.3,decreased
AVGO,11135F101,13,Goldman Sachs,1,36032651,11152465575,11152,1.07,33353157,2679494,8.0,increased
AVGO,11135F101,14,Charles Schwab,2,33732109,10438896249,10439,1.0,32727477,1004632,3.1,increased
AVGO,11135F101,15,Invesco,1,33308654,10309361588,10309,0.99,34662541,-1353887,-3.9,decreased
AVGO,11135F101,16,Legal & General,1,32172300,9957648574,9958,0.95,33465313,-1293013,-3.9,decreased
AVGO,11135F101,17,BNY Mellon,1,28712968,8886950530,8887,0.85,29998458,-1285490,-4.3,decreased
AVGO,11135F101,18,Franklin,1,28614645,8856518443,8857,0.85,28943655,-329010,-1.1,decreased
AVGO,11135F101,19,AllianceBernstein,1,24873857,8608841908,8609,0.82,25280400,-406543,-1.6,decreased
AVGO,11135F101,20,HSBC HOLDINGS,1,25360909,8294266702,8294,0.79,0,25360909,,NEW
AVGO,11135F101,21,Ameriprise,1,26408739,8169401258,8169,0.78,24854880,1553859,6.3,increased
AVGO,11135F101,22,Amundi,1,26064886,8067328521,8067,0.77,23787630,2277256,9.6,increased
AVGO,11135F101,23,Wells Fargo,1,25685240,7949838495,7950,0.76,23909474,1775766,7.4,increased
AVGO,11135F101,24,ROYAL BANK,1,23766653,7356016000,7356,0.7,24304901,-538248,-2.2,decreased
AVGO,11135F101,25,JENNISON ASSOCIATES,1,22783092,7051594863,7052,0.68,21892210,890882,4.1,increased
MRVL,573874104,1,Fidelity (FMR),1,131255670,13000874085,13001,19.01,126817429,4438241,3.5,increased
MRVL,573874104,2,Vanguard,8,80149540,7938811939,7939,11.61,78843319,1306221,1.7,increased
MRVL,573874104,3,BlackRock,1,63842984,6323647594,6324,9.25,59806492,4036492,6.7,increased
MRVL,573874104,4,State Street,1,23338406,2311669114,2312,3.38,22834816,503590,2.2,increased
MRVL,573874104,5,Ameriprise,1,20844639,2064664686,2065,3.02,17146932,3697707,21.6,increased
MRVL,573874104,6,Employees Provident,1,25070143,1637792210,1638,2.39,0,25070143,,NEW
MRVL,573874104,7,UBS,2,16500037,1634328663,1634,2.39,16849765,-349728,-2.1,decreased
MRVL,573874104,8,Geode,1,12584552,1242215873,1242,1.82,12108452,476100,3.9,increased
MRVL,573874104,9,Franklin,1,11369038,1126103215,1126,1.65,11550963,-181925,-1.6,decreased
MRVL,573874104,10,Goldman Sachs,1,11248027,1114117016,1114,1.63,10445427,802600,7.7,increased
MRVL,573874104,11,Invesco,1,10523485,1042351222,1042,1.52,9833701,689784,7.0,increased
MRVL,573874104,12,Jane Street,1,9953890,985932805,986,1.44,7833520,2120370,27.1,increased
MRVL,573874104,13,Bank of America,2,9873460,977966236,978,1.43,11463601,-1590141,-13.9,decreased
MRVL,573874104,14,FIL Ltd,1,9234970,914723778,915,1.34,8994248,240722,2.7,increased
MRVL,573874104,15,Morgan Stanley,1,7867835,779309409,779,1.14,7340161,527674,7.2,increased
MRVL,573874104,16,Northern Trust,1,6868466,680321557,680,0.99,6798272,70194,1.0,increased
MRVL,573874104,17,Boston Partners,1,6165682,612570878,613,0.9,0,6165682,,NEW
MRVL,573874104,18,Millennium,1,6112977,605490372,605,0.89,6427581,-314604,-4.9,decreased
MRVL,573874104,19,Legal & General,1,5627016,557355938,557,0.81,5753035,-126019,-2.2,decreased
MRVL,573874104,20,Barclays,1,5491657,543948627,544,0.8,5118426,373231,7.3,increased
MRVL,573874104,21,Citigroup,1,4987313,493993394,494,0.72,3758517,1228796,32.7,increased
MRVL,573874104,22,BROWN ADVISORY,1,4974027,492679333,493,0.72,6788665,-1814638,-26.7,decreased
MRVL,573874104,23,DANSKE BANK,1,5541437,463463654,463,0.68,3596431,1945006,54.1,increased
MRVL,573874104,24,Amundi,1,4563354,452000213,452,0.66,3646619,916735,25.1,increased
MRVL,573874104,25,Qube Research,1,4401282,435946982,436,0.64,3017499,1383783,45.9,increased
GOOGL,02079K305,1,Vanguard,9,534909748,153818647135,153819,12.41,530118086,4791662,0.9,increased
GOOGL,02079K305,2,BlackRock,1,446980992,128533854139,128534,10.37,441987843,4993149,1.1,increased
GOOGL,02079K305,3,Fidelity (FMR),1,236544675,68020786537,68021,5.49,231778762,4765913,2.1,increased
GOOGL,02079K305,4,State Street,1,226259132,65063075998,65063,5.25,228296955,-2037823,-0.9,decreased
GOOGL,02079K305,5,Geode,1,151888094,43547587937,43548,3.51,146193037,5695057,3.9,increased
GOOGL,02079K305,6,Capital Group,10,150838453,43370050055,43370,3.5,143357518,7480935,5.2,increased
GOOGL,02079K305,7,Morgan Stanley,2,120956710,34782312489,34782,2.81,121797456,-840746,-0.7,decreased
GOOGL,02079K305,8,UBS,2,69351775,19942796417,19943,1.61,63107799,6243976,9.9,increased
GOOGL,02079K305,9,Bank of America,2,68791282,19781621090,19782,1.6,69129249,-337967,-0.5,decreased
GOOGL,02079K305,10,Northern Trust,1,64991458,18688943662,18689,1.51,65140881,-149423,-0.2,decreased
GOOGL,02079K305,11,Goldman Sachs,1,57846836,16634436430,16634,1.34,52191937,5654899,10.8,increased
GOOGL,02079K305,12,Berkshire Hathaway,1,54249798,15600071913,15600,1.26,17846142,36403656,204.0,increased
GOOGL,02079K305,13,WELLINGTON MANAGEMENT,1,47620485,13693746665,13694,1.1,57286312,-9665827,-16.9,decreased
GOOGL,02079K305,14,Invesco,1,45843660,13182802971,13183,1.06,45399539,444121,1.0,increased
GOOGL,02079K305,15,Deutsche Bank,3,52792809,11940238765,11940,0.96,55346886,-2554077,-4.6,decreased
GOOGL,02079K305,16,Charles Schwab,2,40938014,11772135324,11772,0.95,39898299,1039715,2.6,increased
GOOGL,02079K305,17,BNY Mellon,2,40114785,11535407692,11535,0.93,41695569,-1580784,-3.8,decreased
GOOGL,02079K305,18,Fisher Asset,1,39050562,11229380046,11229,0.91,38106033,944529,2.5,increased
GOOGL,02079K305,19,Legal & General,1,37758891,10857946702,10858,0.88,37912752,-153861,-0.4,decreased
GOOGL,02079K305,20,HSBC HOLDINGS,1,34567949,10352029114,10352,0.84,0,34567949,,NEW
GOOGL,02079K305,21,Franklin,1,35954726,10339140445,10339,0.83,32976377,2978349,9.0,increased
GOOGL,02079K305,22,ROYAL BANK,1,35271164,10142577000,10143,0.82,37859732,-2588568,-6.8,decreased
GOOGL,02079K305,23,Employees Provident,1,36689234,10018733808,10019,0.81,0,36689234,,NEW
GOOGL,02079K305,24,Ameriprise,1,33034784,9501384793,9501,0.77,34950911,-1916127,-5.5,decreased
GOOGL,02079K305,25,Amundi,1,31745979,9128849504,9129,0.74,28171169,3574810,12.7,increased
MSFT,594918104,1,Vanguard,10,726349058,268872630852,268873,14.23,719084196,7264862,1.0,increased
MSFT,594918104,2,BlackRock,1,593328571,219632437522,219632,11.63,601897495,-8568924,-1.4,decreased
MSFT,594918104,3,State Street,1,306708289,113534207339,113534,6.01,306150608,557681,0.2,increased
MSFT,594918104,4,Capital Group,11,216616821,80172198191,80172,4.24,223113107,-6496286,-2.9,decreased
MSFT,594918104,5,Fidelity (FMR),2,190219146,70413421268,70413,3.73,200956579,-10737433,-5.3,decreased
MSFT,594918104,6,Geode,1,188501918,69604826731,69605,3.68,182618400,5883518,3.2,increased
MSFT,594918104,7,Morgan Stanley,2,124882142,46227623285,46228,2.45,121221822,3660320,3.0,increased
MSFT,594918104,8,UBS,2,96866844,35857199756,35857,1.9,88217051,8649793,9.8,increased
MSFT,594918104,9,Northern Trust,1,79696955,29501421832,29501,1.56,79779930,-82975,-0.1,decreased
MSFT,594918104,10,Bank of America,2,70797140,26206977146,26207,1.39,73148290,-2351150,-3.2,decreased
MSFT,594918104,11,Goldman Sachs,1,61217966,22661054452,22661,1.2,51360884,9857082,19.2,increased
MSFT,594918104,12,HSBC HOLDINGS,1,46107369,19579055887,19579,1.04,0,46107369,,NEW
MSFT,594918104,13,WELLINGTON MANAGEMENT,1,52742167,19523567959,19524,1.03,48909443,3832724,7.8,increased
MSFT,594918104,14,Charles Schwab,2,52539983,19448629697,19449,1.03,50954812,1585171,3.1,increased
MSFT,594918104,15,BNY Mellon,2,51658300,19122352793,19122,1.01,54439581,-2781281,-5.1,decreased
MSFT,594918104,16,Legal & General,1,50263312,18605970203,18606,0.98,51092621,-829309,-1.6,decreased
MSFT,594918104,17,Employees Provident,1,173180335,18046476309,18046,0.96,0,173180335,,NEW
MSFT,594918104,18,Deutsche Bank,3,51999217,16449985210,16450,0.87,52838289,-839072,-1.6,decreased
MSFT,594918104,19,"Nuveen, LLC",1,44121970,16332629730,16333,0.86,48160846,-4038876,-8.4,decreased
MSFT,594918104,20,Invesco,1,42295292,15656448155,15656,0.83,45252201,-2956909,-6.5,decreased
MSFT,594918104,21,Amundi,1,41675076,15426861810,15427,0.82,31860478,9814598,30.8,increased
MSFT,594918104,22,AllianceBernstein,1,31797302,15377811194,15378,0.81,36082677,-4285375,-11.9,decreased
MSFT,594918104,23,Franklin,1,38405107,14216417497,14216,0.75,39970877,-1565770,-3.9,decreased
MSFT,594918104,24,ROYAL BANK,1,37062879,13719566000,13720,0.73,37457336,-394457,-1.1,decreased
MSFT,594918104,25,Wells Fargo,1,33333314,12338993170,12339,0.65,33149320,183994,0.6,increased
META,30303M102,1,Vanguard,10,202519433,115867442999,115867,13.05,200322169,2197264,1.1,increased
META,30303M102,2,BlackRock,1,168843283,96600307735,96600,10.88,171505090,-2661807,-1.6,decreased
META,30303M102,3,Fidelity (FMR),3,116651637,66739901602,66740,7.52,122342017,-5690380,-4.7,decreased
META,30303M102,4,Capital Group,10,91225002,52181063736,52181,5.88,84558166,6666836,7.9,increased
META,30303M102,5,State Street,1,88523840,50647144579,50647,5.7,90841345,-2317505,-2.6,decreased
META,30303M102,6,Geode,1,54165192,30880025420,30880,3.48,52806712,1358480,2.6,increased
META,30303M102,7,Morgan Stanley,2,38079533,21786445866,21786,2.45,37553978,525555,1.4,increased
META,30303M102,8,Northern Trust,1,21979768,12575284666,12575,1.42,22133256,-153488,-0.7,decreased
META,30303M102,9,UBS,2,21914888,12538164873,12538,1.41,22370051,-455163,-2.0,decreased
META,30303M102,10,Bank of America,2,21045826,12040948367,12041,1.36,18371307,2674519,14.6,increased
META,30303M102,11,Goldman Sachs,1,18712930,10706228914,10706,1.21,15455635,3257295,21.1,increased
META,30303M102,12,HSBC HOLDINGS,1,14817750,9121926342,9122,1.03,0,14817750,,NEW
META,30303M102,13,Invesco,1,15603147,8927028504,8927,1.01,18205260,-2602113,-14.3,decreased
META,30303M102,14,Charles Schwab,2,15405498,8814491319,8814,0.99,15559641,-154143,-1.0,decreased
META,30303M102,15,AllianceBernstein,1,12678273,8368801225,8369,0.94,12847637,-169364,-1.3,decreased
META,30303M102,16,Legal & General,1,14290304,8175911629,8176,0.92,14334386,-44082,-0.3,decreased
META,30303M102,17,BNY Mellon,1,14153836,8097834293,8098,0.91,14874837,-721001,-4.8,decreased
META,30303M102,18,Deutsche Bank,3,14727223,7120393906,7120,0.8,12740601,1986622,15.6,increased
META,30303M102,19,Amundi,1,11858972,6784873063,6785,0.76,10043955,1815017,18.1,increased
META,30303M102,20,WELLINGTON MANAGEMENT,1,11689775,6688070970,6688,0.75,8774609,2915166,33.2,increased
META,30303M102,21,Employees Provident,1,18619392,6174686732,6175,0.7,0,18619392,,NEW
META,30303M102,22,"Sanders Capital,",1,10564799,6044438452,6044,0.68,10038174,526625,5.2,increased
META,30303M102,23,Dimensional,1,10429812,5964745306,5965,0.67,10024864,404948,4.0,increased
META,30303M102,24,"Nuveen, LLC",1,10395730,5947709037,5948,0.67,10665328,-269598,-2.5,decreased
META,30303M102,25,Newlands Management,1,9797414,5605394472,5605,0.63,9797414,0,0.0,unchanged
AMZN,023135106,1,Vanguard,10,858103414,178717198021,178717,13.07,846821971,11281443,1.3,increased
AMZN,023135106,2,BlackRock,1,735564992,153196120950,153196,11.2,734375864,1189128,0.2,increased
AMZN,023135106,3,State Street,1,390450321,81319088355,81319,5.95,388653121,1797200,0.5,increased
AMZN,023135106,4,Fidelity (FMR),2,358703324,74707141137,74707,5.46,331475544,27227780,8.2,increased
AMZN,023135106,5,Geode,1,233228057,48415245678,48415,3.54,225120994,8107063,3.6,increased
AMZN,023135106,6,Capital Group,10,215661471,44909512025,44910,3.28,196168208,19493263,9.9,increased
AMZN,023135106,7,Morgan Stanley,2,173928362,36224060947,36224,2.65,161583960,12344402,7.6,increased
AMZN,023135106,8,UBS,2,108278395,22551141327,22551,1.65,104446373,3832022,3.7,increased
AMZN,023135106,9,Northern Trust,1,95126682,19812034061,19812,1.45,94745484,381198,0.4,increased
AMZN,023135106,10,Bank of America,2,84229389,17542454787,17542,1.28,84197477,31912,0.0,increased
AMZN,023135106,11,Goldman Sachs,1,67695611,14098964982,14099,1.03,64164052,3531559,5.5,increased
AMZN,023135106,12,BNY Mellon,1,66930843,13939686617,13940,1.02,68468057,-1537214,-2.2,decreased
AMZN,023135106,13,Charles Schwab,2,66606606,13872157832,13872,1.01,64031279,2575327,4.0,increased
AMZN,023135106,14,WELLINGTON MANAGEMENT,1,62403604,12996798605,12997,0.95,66223281,-3819677,-5.8,decreased
AMZN,023135106,15,Amundi,1,61400503,12787882761,12788,0.94,53809551,7590952,14.1,increased
AMZN,023135106,16,AllianceBernstein,1,52639574,12150266470,12150,0.89,53928034,-1288460,-2.4,decreased
AMZN,023135106,17,"Nuveen, LLC",1,57301203,11934121549,11934,0.87,59129590,-1828387,-3.1,decreased
AMZN,023135106,18,Invesco,1,57143201,11901214504,11901,0.87,59682650,-2539449,-4.3,decreased
AMZN,023135106,19,Legal & General,1,55539603,11567233121,11567,0.85,55959088,-419485,-0.7,decreased
AMZN,023135106,20,Franklin,1,53726492,11189615987,11190,0.82,52044270,1682222,3.2,increased
AMZN,023135106,21,HSBC HOLDINGS,1,50348484,11100605720,11101,0.81,0,50348484,,NEW
AMZN,023135106,22,Deutsche Bank,3,59788808,10282141458,10282,0.75,60548024,-759216,-1.3,decreased
AMZN,023135106,23,ROYAL BANK,1,46526917,9690162000,9690,0.71,49589446,-3062529,-6.2,decreased
AMZN,023135106,24,JENNISON ASSOCIATES,1,41507558,8644779129,8645,0.63,43437204,-1929646,-4.4,decreased
AMZN,023135106,25,Dimensional,1,39029984,8126338233,8126,0.59,31724424,7305560,23.0,increased
TSLA,88160R101,1,Vanguard,10,261146824,97081331819,97081,17.45,259323278,1823546,0.7,increased
TSLA,88160R101,2,BlackRock,1,208095009,77359319545,77359,13.91,209563808,-1468799,-0.7,decreased
TSLA,88160R101,3,State Street,1,114695458,42638036512,42638,7.67,114842934,-147476,-0.1,decreased
TSLA,88160R101,4,Geode,1,68003110,25176995635,25177,4.53,65700975,2302135,3.5,increased
TSLA,88160R101,5,Capital Group,7,53281300,19805746217,19806,3.56,52408915,872385,1.7,increased
TSLA,88160R101,6,Morgan Stanley,2,39178240,14564511687,14565,2.62,35786315,3391925,9.5,increased
TSLA,88160R101,7,Fidelity (FMR),1,36027976,13393400259,13393,2.41,39484462,-3456486,-8.8,decreased
TSLA,88160R101,8,Goldman Sachs,1,29398294,10928815969,10929,1.96,27412984,1985310,7.2,increased
TSLA,88160R101,9,Northern Trust,1,25659609,9538959648,9539,1.71,25804654,-145045,-0.6,decreased
TSLA,88160R101,10,UBS,2,25222032,9376290399,9376,1.69,24243585,978447,4.0,increased
TSLA,88160R101,11,Amundi,1,22174884,8243513130,8244,1.48,19447743,2727141,14.0,increased
TSLA,88160R101,12,Legal & General,1,20200373,7509488664,7509,1.35,20181227,19146,0.1,increased
TSLA,88160R101,13,Charles Schwab,1,19943635,7414046312,7414,1.33,19730256,213379,1.1,increased
TSLA,88160R101,14,Bank of America,2,18964795,7050162365,7050,1.27,20757476,-1792681,-8.6,decreased
TSLA,88160R101,15,HSBC HOLDINGS,1,15434745,6359157278,6359,1.14,0,15434745,,NEW
TSLA,88160R101,16,Invesco,1,16937277,6296432795,6296,1.13,16980651,-43374,-0.3,decreased
TSLA,88160R101,17,BNY Mellon,1,14830253,5513146499,5513,0.99,15031161,-200908,-1.3,decreased
TSLA,88160R101,18,"Nuveen, LLC",1,13589023,5051719301,5052,0.91,13192551,396472,3.0,increased
TSLA,88160R101,19,LOOMIS SAYLES,1,12655011,4704500176,4705,0.85,12649650,5361,0.0,increased
TSLA,88160R101,20,BAMCO INC,1,11933509,4436281971,4436,0.8,11927475,6034,0.1,increased
TSLA,88160R101,21,Barclays,1,10505233,3905320372,3905,0.7,13568556,-3063323,-22.6,decreased
TSLA,88160R101,22,Deutsche Bank,3,11942474,3725051179,3725,0.67,11691081,251393,2.2,increased
TSLA,88160R101,23,JENNISON ASSOCIATES,1,9969940,3706325053,3706,0.67,10484848,-514908,-4.9,decreased
TSLA,88160R101,24,BNP PARIBAS,3,9586208,3563668002,3564,0.64,9851502,-265294,-2.7,decreased
TSLA,88160R101,25,WELLINGTON MANAGEMENT,1,9150977,3401875699,3402,0.61,10268577,-1117600,-10.9,decreased
CEG,21037T109,1,Vanguard,8,38278000,10689131502,10689,14.18,38679783,-401783,-1.0,decreased
CEG,21037T109,2,BlackRock,1,23509199,6564943814,6565,8.71,23349472,159727,0.7,increased
CEG,21037T109,3,"ECP ControlCo,",1,22043724,6155709927,6156,8.17,0,22043724,,NEW
CEG,21037T109,4,Capital Group,6,20808337,5818001341,5818,7.72,21452616,-644279,-3.0,decreased
CEG,21037T109,5,State Street,1,18796388,5248891349,5249,6.96,18485892,310496,1.7,increased
CEG,21037T109,6,Fidelity (FMR),1,10181644,2843224043,2843,3.77,14364768,-4183124,-29.1,decreased
CEG,21037T109,7,Morgan Stanley,2,8903821,2486392843,2486,3.3,8054637,849184,10.5,increased
CEG,21037T109,8,CANADA PENSION,1,7672648,2142586954,2143,2.84,141290,7531358,5330.4,increased
CEG,21037T109,9,Geode,1,7292001,2027507386,2028,2.69,7067038,224963,3.2,increased
CEG,21037T109,10,JENNISON ASSOCIATES,1,6604433,1844287887,1844,2.45,6980223,-375790,-5.4,decreased
CEG,21037T109,11,COATUE MANAGEMENT,1,4632475,1293618644,1294,1.72,5907174,-1274699,-21.6,decreased
CEG,21037T109,12,Wells Fargo,1,4324236,1207542875,1208,1.6,4158371,165865,4.0,increased
CEG,21037T109,13,UBS,2,3653750,1020309689,1020,1.35,3546701,107049,3.0,increased
CEG,21037T109,14,BNY Mellon,1,3632101,1014264238,1014,1.35,3355977,276124,8.2,increased
CEG,21037T109,15,Invesco,1,3619765,1010819281,1011,1.34,3636582,-16817,-0.5,decreased
CEG,21037T109,16,Bank of America,2,3163652,883449726,883,1.17,2861267,302385,10.6,increased
CEG,21037T109,17,Northern Trust,1,3097206,864894777,865,1.15,3053615,43591,1.4,increased
CEG,21037T109,18,Goldman Sachs,1,3040479,849053958,849,1.13,1845498,1194981,64.8,increased
CEG,21037T109,19,VICTORY CAPITAL,1,2333632,651669115,652,0.86,2170936,162696,7.5,increased
CEG,21037T109,20,Franklin,1,2303464,643242223,643,0.85,2211862,91602,4.1,increased
CEG,21037T109,21,Charles Schwab,1,2285190,638139308,638,0.85,2226814,58376,2.6,increased
CEG,21037T109,22,Legal & General,1,1842758,514590184,515,0.68,1790116,52642,2.9,increased
CEG,21037T109,23,Deutsche Bank,3,1543464,414921302,415,0.55,857480,685984,80.0,increased
CEG,21037T109,24,HSBC HOLDINGS,1,1297967,412243162,412,0.55,0,1297967,,NEW
CEG,21037T109,25,ALKEON CAPITAL,1,1374739,383895866,384,0.51,1371219,3520,0.3,increased
BE,093712107,1,Vanguard,7,26743605,3623491041,3623,11.52,20867687,5875918,28.2,increased
BE,093712107,2,BlackRock,1,25060806,3395488563,3395,10.8,24157256,903550,3.7,increased
BE,093712107,3,Ameriprise,1,22889027,3101235645,3101,9.86,28646003,-5756976,-20.1,decreased
BE,093712107,4,Situational Awareness,2,12970816,1757415860,1757,5.59,10076022,2894794,28.7,increased
BE,093712107,5,Goldman Sachs,1,9120513,1235738307,1236,3.93,2026245,7094268,350.1,increased
BE,093712107,6,Morgan Stanley,1,7644234,1035717568,1036,3.29,9352198,-1707964,-18.3,decreased
BE,093712107,7,State Street,1,6473617,877110367,877,2.79,6034838,438779,7.3,increased
BE,093712107,8,Geode,1,5947076,810646126,811,2.58,5277461,669615,12.7,increased
BE,093712107,9,Jane Street,1,4922291,666921208,667,2.12,4828230,94061,1.9,increased
BE,093712107,10,Value Aligned,1,4584731,621185203,621,1.98,3476548,1108183,31.9,increased
BE,093712107,11,Graticule Asia,1,4543205,615558845,616,1.96,4759305,-216100,-4.5,decreased
BE,093712107,12,D.E. Shaw,1,4209457,570339329,570,1.81,8798303,-4588846,-52.2,decreased
BE,093712107,13,Two Sigma,2,3549677,480945737,481,1.53,3250611,299066,9.2,increased
BE,093712107,14,Franklin,1,2756004,373411043,373,1.19,1880091,875913,46.6,increased
BE,093712107,15,Fidelity (FMR),1,2751237,372765092,373,1.19,2124629,626608,29.5,increased
BE,093712107,16,JENNISON ASSOCIATES,1,2687029,364065609,364,1.16,13319,2673710,20074.4,increased
BE,093712107,17,UBS,2,2651085,359195509,359,1.14,3405139,-754054,-22.1,decreased
BE,093712107,18,FULLER &,1,2299320,311534835,312,0.99,2742201,-442881,-16.2,decreased
BE,093712107,19,Northern Trust,1,2229887,302127391,302,0.96,2042409,187478,9.2,increased
BE,093712107,20,Bank of America,1,2211880,299687627,300,0.95,2085231,126649,6.1,increased
BE,093712107,21,BNP PARIBAS,3,2180381,295411044,295,0.94,2725614,-545233,-20.0,decreased
BE,093712107,22,WELLINGTON MANAGEMENT,1,2073606,280952877,281,0.89,2362228,-288622,-12.2,decreased
BE,093712107,23,Charles Schwab,1,2065526,279858118,280,0.89,1844561,220965,12.0,increased
BE,093712107,24,Capital Group,1,1838834,249143619,249,0.79,1752338,86496,4.9,increased
BE,093712107,25,SANDS CAPITAL,1,1779038,241041859,241,0.77,0,1779038,,NEW
AAOI,03823U102,1,BlackRock,1,7192329,608399109,608,14.72,5306432,1885897,35.5,increased
AAOI,03823U102,2,Vanguard,8,5404622,457176975,457,11.06,4982660,421962,8.5,increased
AAOI,03823U102,3,OBERWEIS ASSET,1,2349969,198783878,199,4.81,2039641,310328,15.2,increased
AAOI,03823U102,4,Jane Street,1,2279318,192807509,193,4.66,1682894,596424,35.4,increased
AAOI,03823U102,5,D.E. Shaw,1,2117157,179090311,179,4.33,1366856,750301,54.9,increased
AAOI,03823U102,6,Invesco,1,2014405,170398519,170,4.12,3512309,-1497904,-42.6,decreased
AAOI,03823U102,7,State Street,1,1644293,139090745,139,3.36,1606236,38057,2.4,increased
AAOI,03823U102,8,Geode,1,1621305,137173633,137,3.32,1512902,108403,7.2,increased
AAOI,03823U102,9,Hood River,1,1275519,107896152,108,2.61,1275621,-102,-0.0,decreased
AAOI,03823U102,10,Value Aligned,1,1267938,107254875,107,2.59,0,1267938,,NEW
AAOI,03823U102,11,Goldman Sachs,1,1084764,91760188,92,2.22,967305,117459,12.1,increased
AAOI,03823U102,12,UBS,2,1076220,91037449,91,2.2,1044550,31670,3.0,increased
AAOI,03823U102,13,RAYMOND JAMES,1,733696,62187836,62,1.5,379221,354475,93.5,increased
AAOI,03823U102,14,Morgan Stanley,1,727566,61544867,62,1.49,1699855,-972289,-57.2,decreased
AAOI,03823U102,15,Driehaus Capital,1,632337,53489387,53,1.29,507473,124864,24.6,increased
AAOI,03823U102,16,Northern Trust,1,583494,49357757,49,1.19,526928,56566,10.7,increased
AAOI,03823U102,17,Renaissance,1,565279,47816951,48,1.16,0,565279,,NEW
AAOI,03823U102,18,Charles Schwab,1,532228,45021167,45,1.09,528343,3885,0.7,increased
AAOI,03823U102,19,NEUBERGER BERMAN,1,517341,44039327,44,1.07,0,517341,,NEW
AAOI,03823U102,20,Squarepoint Ops,1,495798,41939553,42,1.01,193153,302645,156.7,increased
AAOI,03823U102,21,Balyasny Asset,1,468870,39661713,40,0.96,166364,302506,181.8,increased
AAOI,03823U102,22,GILDER GAGNON,1,455375,38520171,39,0.93,475015,-19640,-4.1,decreased
AAOI,03823U102,23,TUDOR INVESTMENT,1,442781,37454845,37,0.91,95133,347648,365.4,increased
AAOI,03823U102,24,"EMERALD ADVISERS,",1,433882,36702078,37,0.89,670577,-236695,-35.3,decreased
AAOI,03823U102,25,Citadel,1,421003,35612644,36,0.86,551297,-130294,-23.6,decreased
IREN,Q4982L109,1,Situational Awareness,2,23397670,802072128,802,14.46,8700621,14697049,168.9,increased
IREN,Q4982L109,2,"Defiance ETFs,",1,12671028,434362840,434,7.83,0,12671028,,NEW
IREN,Q4982L109,3,Citigroup,1,10903551,373773729,374,6.74,9878625,1024926,10.4,increased
IREN,Q4982L109,4,BIT Capital,1,6527102,223749057,224,4.03,6941992,-414890,-6.0,decreased
IREN,Q4982L109,5,D.E. Shaw,1,6433607,220544048,221,3.98,11684671,-5251064,-44.9,decreased
IREN,Q4982L109,6,Goldman Sachs,1,5570213,190946902,191,3.44,7362595,-1792382,-24.3,decreased
IREN,Q4982L109,7,UBS,2,4775161,163692518,164,2.95,3170287,1604874,50.6,increased
IREN,Q4982L109,8,Value Aligned,1,4767607,163433568,163,2.95,3515247,1252360,35.6,increased
IREN,Q4982L109,9,BlackRock,1,4457120,152790069,153,2.75,632268,3824852,604.9,increased
IREN,Q4982L109,10,Marex Group,1,3949804,134659041,135,2.43,4471263,-521459,-11.7,decreased
IREN,Q4982L109,11,Morgan Stanley,1,3745218,128386115,128,2.31,7351083,-3605865,-49.1,decreased
IREN,Q4982L109,12,"CANTOR FITZGERALD,",1,2937510,100697843,101,1.82,3469904,-532394,-15.3,decreased
IREN,Q4982L109,13,Two Sigma,1,2864882,98208155,98,1.77,262556,2602326,991.2,increased
IREN,Q4982L109,14,Jane Street,1,2854963,97868131,98,1.76,5593971,-2739008,-49.0,decreased
IREN,Q4982L109,15,State Street,1,2618671,89768042,90,1.62,590316,2028355,343.6,increased
IREN,Q4982L109,16,Bank of America,1,2138619,73311860,73,1.32,1350072,788547,58.4,increased
IREN,Q4982L109,17,Clear Street,1,2064152,70759131,71,1.28,3629194,-1565042,-43.1,decreased
IREN,Q4982L109,18,Capital Group,1,1973503,67651683,68,1.22,1025430,948073,92.5,increased
IREN,Q4982L109,19,DISCOVERY CAPITAL,1,1834285,62879290,63,1.13,2583458,-749173,-29.0,decreased
IREN,Q4982L109,20,Citadel,1,1765514,60521820,61,1.09,840032,925482,110.2,increased
IREN,Q4982L109,21,Tidal Investments,1,1729678,59293361,59,1.07,1667419,62259,3.7,increased
IREN,Q4982L109,22,Invesco,1,1713231,58729559,59,1.06,2049095,-335864,-16.4,decreased
IREN,Q4982L109,23,NATIONAL BANK,1,1680000,57590400,58,1.04,0,1680000,,NEW
IREN,Q4982L109,24,VOLORIDGE INVESTMENT,1,1574652,53979071,54,0.97,2283757,-709105,-31.0,decreased
IREN,Q4982L109,25,Millennium,2,1512463,51847232,52,0.93,1021721,490742,48.0,increased
CRWV,21873S108,1,Magnetar Financial,1,68566394,4742379133,4742,19.95,68191394,375000,0.5,increased
CRWV,21873S108,2,NVIDIA CORP,1,47213353,3657618457,3658,15.39,24277573,22935780,94.5,increased
CRWV,21873S108,3,Vanguard,7,27359751,2119559910,2120,8.92,27939363,-579612,-2.1,decreased
CRWV,21873S108,4,Goldman Sachs,1,17877647,1384981314,1385,5.83,9081956,8795691,96.8,increased
CRWV,21873S108,5,Situational Awareness,2,14355838,1112146770,1112,4.68,6098812,8257026,135.4,increased
CRWV,21873S108,6,BlackRock,1,9378232,726531605,727,3.06,7233480,2144752,29.7,increased
CRWV,21873S108,7,Jane Street,1,8856691,686127852,686,2.89,6171288,2685403,43.5,increased
CRWV,21873S108,8,Value Aligned,1,8280763,641510710,642,2.7,6028220,2252543,37.4,increased
CRWV,21873S108,9,Alyeska Investment,1,6993526,541788459,542,2.28,4000000,2993526,74.8,increased
CRWV,21873S108,10,PEAK6 LLC,1,6813901,527872910,528,2.22,5792058,1021843,17.6,increased
CRWV,21873S108,11,Bank of America,1,5652129,437870434,438,1.84,4998731,653398,13.1,increased
CRWV,21873S108,12,Altimeter Capital,1,4499075,348543341,349,1.47,3213230,1285845,40.0,increased
CRWV,21873S108,13,UBS,2,4457909,345354211,345,1.45,3608090,849819,23.6,increased
CRWV,21873S108,14,Clear Street,1,3710242,287432448,287,1.21,4653815,-943573,-20.3,decreased
CRWV,21873S108,15,Amundi,1,3284121,254420855,254,1.07,896784,2387337,266.2,increased
CRWV,21873S108,16,Fidelity (FMR),1,3244339,251338934,251,1.06,7922651,-4678312,-59.0,decreased
CRWV,21873S108,17,Geode,1,3077907,237514876,238,1.0,2823302,254605,9.0,increased
CRWV,21873S108,18,State Street,1,2944973,228147058,228,0.96,2114757,830216,39.3,increased
CRWV,21873S108,19,Lavaca Capital,1,2923566,226488658,226,0.95,2500000,423566,16.9,increased
CRWV,21873S108,20,Citigroup,1,2908648,225332960,225,0.95,3026892,-118244,-3.9,decreased
CRWV,21873S108,21,Morgan Stanley,1,2843204,220263099,220,0.93,3067032,-223828,-7.3,decreased
CRWV,21873S108,22,BLUEFIN CAPITAL,1,2044886,197588015,198,0.83,0,2044886,,NEW
CRWV,21873S108,23,ARK Investment,1,2538125,196628508,197,0.83,1924256,613869,31.9,increased
CRWV,21873S108,24,Deutsche Bank,2,2089377,161864036,162,0.68,3812856,-1723479,-45.2,decreased
CRWV,21873S108,25,TORONTO DOMINION,1,1898780,147098487,147,0.62,1318206,580574,44.0,increased
NOK,654902204,1,Fidelity (FMR),1,222403233,1788121989,1788,21.53,165279651,57123582,34.6,increased
NOK,654902204,2,NVIDIA CORP,1,166389351,1337770382,1338,16.11,166389351,0,0.0,unchanged
NOK,654902204,3,Artisan Partners,1,91298033,734036185,734,8.84,99477170,-8179137,-8.2,decreased
NOK,654902204,4,PZENA INVESTMENT,1,63425518,509941161,510,6.14,91942507,-28516989,-31.0,decreased
NOK,654902204,5,"ARROWSTREET CAPITAL,",1,41855433,336517681,337,4.05,47321058,-5465625,-11.6,decreased
NOK,654902204,6,Slate Path,1,35838802,288143968,288,3.47,33686602,2152200,6.4,increased
NOK,654902204,7,ARGA Investment,1,20388202,163921144,164,1.97,7654181,12734021,166.4,increased
NOK,654902204,8,Turiya Advisors,1,18092100,145460484,145,1.75,0,18092100,,NEW
NOK,654902204,9,Morgan Stanley,1,16009910,128719690,129,1.55,11608634,4401276,37.9,increased
NOK,654902204,10,Point72,1,15480468,124462963,124,1.5,26104442,-10623974,-40.7,decreased
NOK,654902204,11,Goldman Sachs,1,13751039,110558356,111,1.33,7918902,5832137,73.6,increased
NOK,654902204,12,FOLKETRYGDFONDET,1,13476498,108351044,108,1.3,14652619,-1176121,-8.0,decreased
NOK,654902204,13,Jane Street,1,13384177,107608783,108,1.3,1312431,12071746,919.8,increased
NOK,654902204,14,Renaissance,1,13294780,106890031,107,1.29,5748780,7546000,131.3,increased
NOK,654902204,15,Citadel,1,12597252,101281906,101,1.22,15937658,-3340406,-21.0,decreased
NOK,654902204,16,UBS,2,11849226,95267777,95,1.15,16340657,-4491431,-27.5,decreased
NOK,654902204,17,OAKTREE CAPITAL,1,11200308,90050476,90,1.08,18752229,-7551921,-40.3,decreased
NOK,654902204,18,Analog Century,1,10494766,84377919,84,1.02,16111905,-5617139,-34.9,decreased
NOK,654902204,19,BlackRock,1,10427737,83839009,84,1.01,8340324,2087413,25.0,increased
NOK,654902204,20,Millennium,1,9994896,80358964,80,0.97,13448179,-3453283,-25.7,decreased
NOK,654902204,21,"MARSHALL WACE,",1,9974079,80191595,80,0.97,6623145,3350934,50.6,increased
NOK,654902204,22,Ameriprise,1,9168307,73713185,74,0.89,10342285,-1173978,-11.4,decreased
NOK,654902204,23,WT Asset,1,8615862,69271530,69,0.83,0,8615862,,NEW
NOK,654902204,24,"Defiance ETFs,",1,8486730,68233309,68,0.82,8878761,-392031,-4.4,decreased
NOK,654902204,25,Susquehanna,1,7834524,62989573,63,0.76,4709973,3124551,66.3,increased
LITE,55024U109,1,Vanguard,8,8972806,6305729145,6306,12.54,7396154,1576652,21.3,increased
LITE,55024U109,2,BlackRock,1,7836978,5507514047,5508,10.95,8344266,-507288,-6.1,decreased
LITE,55024U109,3,Fidelity (FMR),1,7185040,5049358398,5049,10.04,9330198,-2145158,-23.0,decreased
LITE,55024U109,4,State Street,1,3038550,2135371398,2135,4.25,2128565,909985,42.8,increased
LITE,55024U109,5,Geode,1,2127442,1493246242,1493,2.97,1412213,715229,50.6,increased
LITE,55024U109,6,Capital Group,2,1845245,1296764377,1297,2.58,4632784,-2787539,-60.2,decreased
LITE,55024U109,7,UBS,2,1812292,1273606327,1274,2.53,1878612,-66320,-3.5,decreased
LITE,55024U109,8,WT Asset,1,1380144,969909997,970,1.93,498418,881726,176.9,increased
LITE,55024U109,9,Invesco,1,1176393,826722072,827,1.64,2300334,-1123941,-48.9,decreased
LITE,55024U109,10,Value Aligned,1,1057260,743000038,743,1.48,1172201,-114941,-9.8,decreased
LITE,55024U109,11,Morgan Stanley,2,1028028,722458482,722,1.44,1051759,-23731,-2.3,decreased
LITE,55024U109,12,Charles Schwab,1,974034,684512134,685,1.36,830722,143312,17.3,increased
LITE,55024U109,13,Deutsche Bank,2,971977,683066557,683,1.36,48267,923710,1913.8,increased
LITE,55024U109,14,Jane Street,1,956353,672086633,672,1.34,854842,101511,11.9,increased
LITE,55024U109,15,Goldman Sachs,1,890778,626002940,626,1.24,436348,454430,104.1,increased
LITE,55024U109,16,Marex Group,1,905868,604928430,605,1.2,0,905868,,NEW
LITE,55024U109,17,Polar Capital,1,719486,505625981,506,1.01,1029297,-309811,-30.1,decreased
LITE,55024U109,18,Assenagon Asset,1,644262,452761563,453,0.9,994478,-350216,-35.2,decreased
LITE,55024U109,19,BNP PARIBAS,3,631115,443522377,444,0.88,666279,-35164,-5.3,decreased
LITE,55024U109,20,SCHRODER INVESTMENT,1,606056,425911914,426,0.85,173532,432524,249.2,increased
LITE,55024U109,21,FULLER &,1,587679,412997395,413,0.82,971609,-383930,-39.5,decreased
LITE,55024U109,22,HSBC HOLDINGS,1,676808,406896103,407,0.81,0,676808,,NEW
LITE,55024U109,23,Northern Trust,1,577899,406124302,406,0.81,566398,11501,2.0,increased
LITE,55024U109,24,Bank of America,1,572553,402367347,402,0.8,584898,-12345,-2.1,decreased
LITE,55024U109,25,JANUS HENDERSON,1,567182,398590172,399,0.79,215506,351676,163.2,increased
