side,cusip,issuer,holders,holders_chg,shares,value_$m,implied_price,delta_shares,net_flow_$m,shares_chg_%,flag
BOUGHT,F92124100,TotalEnergies SE,1014,220,944632851,83667,88.57,214376141,18988,29.4,
BOUGHT,36828A101,GE VERNOVA INC,3194,371,233976642,168116,718.52,21935112,15761,10.3,
BOUGHT,369604301,GE AEROSPACE,3330,85,891113822,218814,245.55,51387358,12618,6.1,
BOUGHT,478160104,JOHNSON & JOHNSON,4931,330,1852405034,411640,222.22,51900511,11533,2.9,
BOUGHT,46625H100,JPMORGAN CHASE & CO.,5437,208,2069717197,560516,270.82,40303877,10915,2.0,
BOUGHT,697435105,PALO ALTO NETWORKS INC,2602,31,629738434,98956,157.14,68252571,10725,12.2,
BOUGHT,941848103,WATERS CORP,1211,363,93180225,26302,282.27,35443438,10005,61.4,
BOUGHT,03769M106,APOLLO GLOBAL MGMT INC,1179,-45,448979495,50701,112.92,70466676,7957,18.6,
BOUGHT,038222105,APPLIED MATLS INC,3099,406,674531934,207314,307.34,24886492,7649,3.8,
BOUGHT,458140100,INTEL CORP,2807,291,3397591302,141262,41.58,170979302,7109,5.3,
BOUGHT,136385101,CANADIAN NAT RES LTD,791,94,1594815815,75134,47.11,148131326,6979,10.2,
BOUGHT,46137V357,INVESCO EXCHANGE TRADED FD T,2332,205,305345700,56697,185.68,35341767,6562,13.1,
BOUGHT,316773100,FIFTH THIRD BANCORP,1267,99,772259168,33145,42.92,148031123,6354,23.7,
BOUGHT,17275R102,CISCO SYS INC,3967,176,3190443993,229300,71.87,87729110,6305,2.8,
BOUGHT,21037T109,CONSTELLATION ENERGY CORP,1959,-94,280345708,75380,268.88,23004364,6185,8.9,
BOUGHT,713448108,PEPSICO INC,3802,179,1083445117,153180,141.38,36787104,5201,3.5,
BOUGHT,21873S108,COREWEAVE INC,796,81,322550103,23768,73.69,66733546,4918,26.1,
BOUGHT,446150104,HUNTINGTON BANCSHARES INC,1193,56,1727426926,25784,14.93,278864268,4162,19.3,
BOUGHT,075887109,BECTON DICKINSON & CO,1518,-100,301754486,38960,129.11,31876820,4116,11.8,
BOUGHT,806857108,SCHLUMBERGER LTD,1808,177,1364107113,65570,48.07,85453600,4108,6.7,
BOUGHT,192108504,COEUR MNG INC,684,162,764653265,12441,16.27,245259749,3991,47.2,
BOUGHT,717081103,PFIZER INC,3156,128,3925587351,106832,27.21,135674550,3692,3.6,
BOUGHT,747525103,QUALCOMM INC,2901,-168,862194254,103159,119.65,30810560,3686,3.7,
BOUGHT,92537N108,VERTIV HOLDINGS CO,1891,260,314838369,74528,236.72,15320199,3627,5.1,
BOUGHT,860630102,STIFEL FINL CORP,658,22,138004485,10075,73.01,47995094,3504,53.3,
BOUGHT,78454L100,SM ENERGY CO,534,176,223562313,6887,30.81,111635700,3439,99.7,
BOUGHT,594972408,STRATEGY INC,990,-12,195919529,24840,126.79,27110320,3437,16.1,
BOUGHT,573874104,MARVELL TECHNOLOGY INC,1634,164,725904790,68397,94.22,35270767,3323,5.1,
BOUGHT,867224107,SUNCOR ENERGY INC NEW,815,120,857245324,54250,63.28,52154389,3301,6.5,
BOUGHT,674599105,OCCIDENTAL PETE CORP,1414,213,814784330,52461,64.39,50572453,3256,6.6,
SOLD,67066G104,NVIDIA CORPORATION,6150,228,16000428744,2662396,166.4,-557151812,-92707,-3.4,
SOLD,57636Q104,MASTERCARD INCORPORATED,3806,-81,748658693,356999,476.85,-127153949,-60633,-14.5,
SOLD,037833100,APPLE INC,6471,278,9354511894,2250741,240.6,-251304821,-60465,-2.6,
SOLD,75513E101,RTX CORPORATION,3569,151,912492073,168505,184.66,-226948508,-41909,-19.9,
SOLD,023135106,AMAZON COM INC,6330,160,6935170630,1367530,197.19,-183041649,-36094,-2.6,
SOLD,11135F101,BROADCOM INC,4917,167,3553464464,1044203,293.85,-111912009,-32886,-3.1,
SOLD,88160R101,TESLA INC,4398,36,1547449318,556245,359.46,-82711040,-29731,-5.1,
SOLD,G29183103,EATON CORP PLC,2606,84,308763618,107689,348.78,-76892690,-26818,-19.9,
SOLD,931142103,WALMART INC,4689,216,2743040509,328108,119.61,-200942783,-24036,-6.8,
SOLD,883556102,THERMO FISHER SCIENTIFIC INC,2775,-13,335254844,157610,470.12,-47258131,-22217,-12.4,
SOLD,532457108,ELI LILLY & CO,4581,75,778077517,685420,880.92,-23758785,-20929,-3.0,
SOLD,032095101,AMPHENOL CORP,2175,91,1109831885,133804,120.56,-135059045,-16283,-10.8,
SOLD,02079K107,ALPHABET INC,5356,136,3280590298,844720,257.49,-62448329,-16080,-1.9,
SOLD,00287Y109,ABBVIE INC,4338,107,1267976580,263745,208.0,-76074565,-15824,-5.7,
SOLD,92826C839,VISA INC,4733,9,1475712090,422521,286.32,-51974736,-14881,-3.4,
SOLD,02079K305,ALPHABET INC,5952,157,4538507709,1239735,273.16,-52114542,-14236,-1.1,
SOLD,594918104,MICROSOFT CORP,6616,237,5504517345,1889049,343.18,-41040105,-14084,-0.7,
SOLD,512807306,LAM RESEARCH CORP,2664,295,987429601,201841,204.41,-66081665,-13508,-6.3,
SOLD,808513105,SCHWAB CHARLES CORP,2413,0,1347274723,120387,89.36,-149304460,-13341,-10.0,
SOLD,33829M101,FIVE BELOW INC,641,81,55030213,12356,224.53,-57533158,-12918,-51.1,
SOLD,74762E102,QUANTA SVCS INC,1777,108,114951933,59702,519.36,-24623205,-12788,-17.6,
SOLD,254687106,DISNEY WALT CO,3194,-98,1250311115,116755,93.38,-131158182,-12248,-9.5,
SOLD,438516106,HONEYWELL INTL INC,2935,159,496257751,108968,219.58,-55577515,-12204,-10.1,
SOLD,03831W108,APPLOVIN CORP,1439,-182,209890739,80870,385.3,-30775063,-11858,-12.8,
SOLD,949746101,WELLS FARGO CO NEW,3007,30,2265014158,173884,76.77,-151373443,-11621,-6.3,
SOLD,38141G104,GOLDMAN SACHS GROUP INC,3132,64,210817392,168821,800.79,-14222730,-11389,-6.3,
SOLD,060505104,BANK AMERICA CORP,3694,9,5404249358,249404,46.15,-244218273,-11271,-4.3,
SOLD,45866F104,INTERCONTINENTAL EXCHANGE IN,1786,-68,507796593,75630,148.94,-75003334,-11171,-12.9,
SOLD,617446448,MORGAN STANLEY,2611,-3,1296846968,206395,159.15,-67581818,-10756,-5.0,
SOLD,79466L302,SALESFORCE INC,2887,-136,761285359,139290,182.97,-57985026,-10609,-7.1,
