ticker,fiscal_year,fiscal_period,revenue,cost_of_revenue,gross_profit,research_development_expense,sga_expense,sales_marketing_expense,general_administrative_expense,total_operating_expenses,stock_based_compensation,operating_income,interest_expense,interest_investment_income,other_nonoperating_income_expense,pretax_income,income_tax_expense,net_income,net_income_available_common,eps_basic,eps_diluted,dividends_per_share,weighted_avg_shares_basic,weighted_avg_shares_diluted,shares_outstanding,remaining_performance_obligation,cash_and_cash_equivalents,short_term_investments,long_term_investments,accounts_receivable_net,inventory_net,total_current_assets,property_plant_equipment_net,goodwill,intangible_assets_net,total_assets,accounts_payable,total_current_liabilities,short_term_debt,commercial_paper,long_term_debt,deferred_revenue_current,deferred_revenue_noncurrent,total_liabilities,total_stockholders_equity,net_cash_from_operating_activities,capital_expenditures,net_cash_from_investing_activities,net_cash_from_financing_activities,share_repurchases,depreciation_and_amortization,dividends_paid,acquisitions_net_of_cash,debt_issued,debt_repaid,gross_profit_derived,gross_margin,operating_margin,net_margin,effective_tax_rate,rd_intensity,sbc_pct_revenue,capex_intensity,free_cash_flow,fcf_margin,net_working_capital,total_debt,net_debt,tangible_book_value,book_value_per_share,inventory_days,days_sales_outstanding,roe,roa,roic,revenue_yoy_growth,eps_yoy_growth,diluted_share_count_change,deferred_revenue_total,segment_revenue_mix_pct
NVDA,2024,FY,60922000000,16621000000,44301000000,8675000000,2654000000,,,11329000000,3549000000,32972000000,257000000,866000000,846000000,33818000000,4058000000,29760000000,,12.05,11.93,0.16,2469000000,2494000000,,1100000000,7280000000,18704000000,,9999000000,5282000000,44345000000,3914000000,4430000000,1112000000,65728000000,2699000000,10631000000,1250000000,0,8459000000,764000000,573000000,22750000000,42978000000,28090000000,1069000000,-10566000000,-13633000000,9533000000,1508000000,395000000,83000000,,1250000000,44301000000,0.7271757329043695,0.5412166376678376,0.4884934834706674,0.1199952687917677,0.14239519385443683,0.05825481763566528,0.017547027346442992,27021000000,0.4435343554052723,33714000000,9709000000,-16275000000,37436000000,,115.99362252572048,59.906683956534586,0.6924472986178976,0.4527750730282376,0.6390097561476829,,,,1337000000,
NVDA,2025,FY,130497000000,32639000000,97858000000,12914000000,3491000000,,,16405000000,4737000000,81453000000,247000000,1786000000,2573000000,84026000000,11146000000,72880000000,,2.97,2.94,0.034,24555000000,24804000000,,1700000000,8589000000,34621000000,,23065000000,10080000000,80126000000,6283000000,5188000000,807000000,111601000000,6310000000,18047000000,0,0,8463000000,837000000,976000000,32274000000,79327000000,64089000000,3236000000,-20421000000,-42359000000,33706000000,1864000000,834000000,1007000000,,1250000000,97858000000,0.7498869705816992,0.6241752683969747,0.5584802715771244,0.13264941803727417,0.0989601293516326,0.03629968505023104,0.024797504923484832,60853000000,0.46631723334636044,62079000000,8463000000,-34747000000,73332000000,,112.72404179049603,64.51278573453796,0.9187288060811577,0.6530407433625147,0.8920128148964017,1.1420340763599357,-0.7535624476110646,8.945469125902164,1813000000,
NVDA,2026,FY,215938000000,62475000000,153463000000,18497000000,4579000000,,,23076000000,6386000000,130387000000,259000000,2300000000,11063000000,141450000000,21383000000,120067000000,,4.93,4.9,0.04,24359000000,24514000000,,2300000000,10605000000,,,38466000000,21403000000,125605000000,10383000000,20832000000,3306000000,206803000000,9812000000,32163000000,999000000,,7469000000,1379000000,1193000000,49510000000,157293000000,102718000000,6042000000,-52228000000,-48474000000,40086000000,2843000000,974000000,1535000000,,0,153463000000,0.7106808435754708,0.6038168363141272,0.5560253406070261,0.1511700247437257,0.08565884652076058,0.029573303448211987,0.027980253591308617,96676000000,0.44770258129648327,93442000000,8468000000,-2137000000,133155000000,,125.043537414966,65.01907955061175,0.7633333969089534,0.5805863551302447,0.7133233260959281,0.654735357900948,0.6666666666666669,-0.01169166263505883,2572000000,
MU,2023,FY,15540000000,16956000000,-1416000000,3114000000,920000000,,,,596000000,-5745000000,388000000,468000000,7000000,-5658000000,177000000,-5833000000,,-5.34,-5.34,0.46,1093000000,1093000000,,,8577000000,,,2048000000,8387000000,21244000000,,1150000000,404000000,64254000000,1725000000,4765000000,278000000,,12049000000,,,20134000000,44120000000,1559000000,7676000000,-6191000000,4983000000,425000000,7756000000,504000000,,6716000000,,-1416000000,-0.09111969111969112,-0.3696911196911197,-0.37535392535392537,-0.03128313891834571,0.20038610038610039,0.03835263835263835,0.49395109395109393,-6117000000,-0.39362934362934365,16479000000,12327000000,3750000000,42566000000,,180.5411063930172,48.1029601029601,-0.13220761559383498,-0.09078034052354718,-0.12376690271748267,,,,0,
MU,2024,FY,25111000000,19498000000,5613000000,3430000000,1129000000,,,,833000000,1304000000,562000000,529000000,-31000000,1240000000,451000000,778000000,,0.7,0.7,0.46,1105000000,1118000000,,,7041000000,,,5419000000,8875000000,24372000000,,1150000000,416000000,69416000000,2726000000,9248000000,431000000,,11343000000,766000000,,24285000000,45131000000,8507000000,8386000000,-8309000000,-1842000000,300000000,7780000000,513000000,,999000000,,5613000000,0.22352753773246783,0.05192943331607662,0.03098243797538927,0.36370967741935484,0.13659352475010952,0.03317271315359802,0.33395722989924737,121000000,0.004818605392059257,15124000000,11774000000,4733000000,43565000000,,166.13883475228226,78.76767153836964,0.017238705102922604,0.011207790711075256,0.016639711628532835,0.615894465894466,-1.1310861423220975,0.02287282708142735,766000000,
MU,2025,FY,37378000000,22505000000,14873000000,3798000000,1205000000,,,,972000000,9770000000,477000000,496000000,-135000000,9654000000,1124000000,8539000000,,7.65,7.59,0.46,1116000000,1125000000,,,9642000000,,,7163000000,8355000000,28841000000,,1150000000,453000000,82798000000,3132000000,11454000000,560000000,,11533000000,26000000,,28633000000,54165000000,17525000000,15857000000,-14087000000,-850000000,0,8352000000,522000000,,4430000000,,14873000000,0.39790786023864305,0.2613837016426775,0.22844989030980792,0.1164284234514191,0.10161057306436941,0.02600460163732677,0.4242335063406282,1668000000,0.04462518058751137,17387000000,12093000000,2451000000,52562000000,,135.5065540990891,69.94742896891219,0.1576479276285424,0.1031305103988019,0.1524744648664624,0.48851101111066864,9.842857142857143,0.0062611806797854275,26000000,
SNDK,2023,FY,6086000000,5656000000,430000000,1167000000,558000000,,,2465000000,165000000,-2035000000,31000000,21000000,33000000,-2002000000,141000000,-2143000000,,-14.78,-14.78,,145000000,145000000,,,,,,,,,,,,,,,,,,,,,11439000000,-713000000,219000000,-189000000,860000000,,448000000,,,0,0,430000000,0.07065395990798554,-0.33437397305290834,-0.3521196187972396,-0.07042957042957043,0.19175156095957938,0.027111403220506078,0.035984226092671705,-932000000,-0.15313835031219192,,,,11439000000,,,,-0.18734155083486317,,,,,,0,
SNDK,2024,FY,6663000000,5591000000,1072000000,1061000000,455000000,,,1540000000,149000000,-468000000,40000000,12000000,-35000000,-503000000,169000000,-672000000,,-4.63,-4.63,,145000000,145000000,,,328000000,,,935000000,1955000000,3548000000,791000000,7207000000,,13506000000,,2123000000,0,,0,,,2424000000,11082000000,-309000000,166000000,210000000,136000000,,224000000,,,0,0,1072000000,0.16088848866876782,-0.07023863124718595,-0.10085547050877983,-0.3359840954274354,0.15923758066936816,0.022362299264595528,0.024913702536395018,-475000000,-0.07128920906498575,1425000000,0,-328000000,3875000000,,127.6292255410481,51.21942068137475,-0.06063887384948565,-0.04975566414926699,-0.05814027865538774,0.09480775550443642,-0.6867388362652233,0.0,0,
SNDK,2025,FY,7355000000,5143000000,2212000000,1132000000,573000000,,,3589000000,182000000,-1377000000,63000000,22000000,-102000000,-1479000000,162000000,-1641000000,,-11.32,-11.32,,145000000,145000000,,,1481000000,,,1068000000,2079000000,5086000000,619000000,4999000000,,12985000000,,1427000000,20000000,,1829000000,25000000,0,3769000000,9216000000,84000000,204000000,556000000,518000000,,163000000,,,1970000000,100000000,2212000000,0.3007477906186268,-0.18721957851801496,-0.22311352821210062,-0.10953346855983773,0.1539089055064582,0.024745071380013597,0.027736233854520734,-120000000,-0.016315431679129844,3659000000,1849000000,368000000,4217000000,,147.5471514680148,53.0006798096533,-0.17805989583333334,-0.12637658837119753,-0.1594143975591503,0.10385712141677923,1.4449244060475164,0.0,25000000,
AVGO,2023,FY,35819000000,11129000000,24690000000,5253000000,1592000000,,,8483000000,2171000000,16207000000,1622000000,535000000,512000000,15097000000,1015000000,14082000000,14082000000,33.93,32.98,18.4,415000000,427000000,,20300000000,14189000000,,,3154000000,1898000000,20847000000,2154000000,43653000000,3867000000,72861000000,1210000000,7405000000,1563000000,,37621000000,2487000000,299000000,48873000000,23988000000,18085000000,452000000,-689000000,-15623000000,5824000000,502000000,7645000000,53000000,0,403000000,24690000000,0.6892989754041151,0.452469359836958,0.39314330383316115,0.06723190037755845,0.14665401044138585,0.06061029062787906,0.012619001088807615,17633000000,0.49228063318350596,13442000000,39184000000,24995000000,-23532000000,,62.24907898283763,32.13964655629694,0.5870435217608805,0.1932721208877177,0.3086248819096607,,,,2786000000,
AVGO,2024,FY,51574000000,19065000000,32509000000,9310000000,4959000000,,,19046000000,5741000000,13463000000,3953000000,461000000,406000000,9916000000,3748000000,5895000000,5895000000,1.27,1.23,2.105,4624000000,4778000000,,20500000000,9348000000,,,4416000000,1760000000,19595000000,2521000000,97873000000,40583000000,165645000000,1662000000,16697000000,1245000000,0,66295000000,9395000000,5100000000,97967000000,67678000000,19962000000,548000000,-23070000000,-1733000000,7176000000,593000000,9814000000,25978000000,39954000000,19608000000,32509000000,0.6303369915073487,0.26104238569822,0.11430177996664986,0.37797498991528844,0.18051731492612558,0.11131577926862372,0.01062550897739171,19414000000,0.37642998410051576,2898000000,67540000000,58192000000,-70778000000,,33.695253081563074,31.252956916275643,0.08710363781435622,0.03558815539255637,0.06653152229101829,0.4398503587481504,-0.9627046694966647,10.189695550351288,14495000000,
AVGO,2025,FY,63887000000,20593000000,43294000000,10977000000,4211000000,,,17810000000,7568000000,25484000000,3210000000,347000000,455000000,22729000000,-397000000,23126000000,,4.91,4.77,2.36,4712000000,4853000000,,33300000000,16178000000,,,7145000000,2270000000,31573000000,2530000000,97801000000,32273000000,171092000000,1560000000,18514000000,3152000000,,61984000000,9469000000,3547000000,89800000000,81292000000,27537000000,623000000,-580000000,-20127000000,2450000000,574000000,11142000000,0,15666000000,18478000000,43294000000,0.6776652527118193,0.3988917933225852,0.3619828760154648,-0.0174666725328875,0.1718189929093556,0.11845915444456619,0.009751592655782867,26914000000,0.4212750637844945,13059000000,65136000000,48958000000,-48782000000,,40.234545719419216,40.82090253103135,0.2844806377011268,0.13516704463095877,0.19907194382209678,0.23874432853763525,2.8780487804878048,0.015696944328170703,13016000000,
MRVL,2024,FY,5507700000,3214100000,2293600000,1896200000,834000000,,,2861300000,609800000,-567700000,211700000,8800000,-191000000,-758700000,174700000,-933400000,,-1.08,-1.08,0.24,861300000,861300000,,,950800000,,,1121600000,864400000,3062700000,756000000,11586900000,4004100000,21228500000,411300000,1814200000,107300000,,4058600000,43200000,,6397100000,14831400000,1370500000,336300000,-350500000,-980200000,150000000,148200000,206800000,0,1295300000,1622500000,2293600000,0.4164351725765746,-0.10307387838843801,-0.16947183034660565,-0.2302622907605114,0.3442816420647457,0.11071772246128148,0.06105997058663326,1034200000,0.18777348076329503,1248500000,4165900000,3215100000,-759600000,,98.16309386764569,74.32939339470197,-0.06293404533624607,-0.04396919235932826,-0.03870112777905645,,,,43200000,
MRVL,2025,FY,5767300000,3385100000,2382200000,1950400000,798200000,,,3102500000,597400000,-720300000,189400000,,-174400000,-894700000,-9700000,-885000000,,-1.02,-1.02,0.24,865500000,865500000,,,948300000,,,1028400000,1029700000,3120300000,790500000,11586900000,2710600000,20204500000,622200000,2026800000,129500000,,3934300000,22100000,,6777500000,13427000000,1681200000,284600000,-300700000,-1383000000,725000000,177000000,207500000,10400000,0,109400000,2382200000,0.4130529017044371,-0.12489379779099405,-0.15345135505349122,0.010841622890354308,0.33818251174726477,0.10358399944514764,0.0493471815234165,1396600000,0.24215837566972415,1093500000,4063800000,3115500000,-870500000,,111.02788691619155,65.08522185424722,-0.0659119684218366,-0.04380212328936623,-0.043070320630622806,0.04713401238266427,-0.0555555555555556,0.004876349703935912,22100000,
MRVL,2026,FY,8194600000,4013900000,4180700000,2075200000,767100000,,,2857800000,590800000,1322900000,202600000,,1723700000,3046600000,376500000,2670100000,,3.1,3.07,0.24,861000000,869700000,,,2638800000,,,2186600000,1388000000,6460600000,935000000,11062200000,1754700000,22285300000,1073800000,3220500000,499800000,,3970800000,40100000,,7976900000,14308400000,1750500000,354100000,2097800000,-2157800000,2040100000,221700000,205100000,0,1198600000,790600000,4180700000,0.5101774339198984,0.16143557952798185,0.3258365264930564,0.1235803846911311,0.2532399384960828,0.07209625851170283,0.04321138310594782,1396400000,0.17040490078832402,3240100000,4470600000,1831800000,1491500000,,126.2163980168913,97.39450369755693,0.1866106622683179,0.11981440680628037,0.07183402368571039,0.42087285211450765,-4.009803921568627,0.004852686308492116,40100000,
GOOGL,2023,FY,307394000000,133332000000,,45427000000,,27917000000,16425000000,223101000000,22460000000,84293000000,308000000,3865000000,1424000000,85717000000,11922000000,73795000000,73795000000,5.84,5.8,,12630000000,12722000000,,74100000000,24048000000,86868000000,1400000000,47964000000,,171530000000,134345000000,29198000000,,402392000000,7493000000,81814000000,1000000000,0,11870000000,4137000000,911000000,119013000000,283379000000,101746000000,32251000000,-27063000000,-72093000000,61504000000,11946000000,0,,,,174062000000,0.566250479840205,0.27421810445226646,0.24006649446638517,0.13908559562280529,0.14778102370247956,0.07306583732929074,0.10491746748472644,69495000000,0.22607793255561268,89716000000,12870000000,-98046000000,254181000000,,,56.95251045888989,0.26041096905557576,0.18339082287918249,0.266600996646474,,,,5048000000,
GOOGL,2024,FY,350018000000,146306000000,,49326000000,,27808000000,14188000000,237628000000,22785000000,112390000000,268000000,4482000000,7425000000,119815000000,19697000000,100118000000,100118000000,8.13,8.04,0.6,12319000000,12447000000,,93200000000,23466000000,72191000000,266000000,52340000000,,163711000000,171036000000,31885000000,,450256000000,7987000000,89122000000,999000000,2300000000,10883000000,5036000000,,125172000000,325084000000,125299000000,52535000000,-45536000000,-79733000000,62222000000,15311000000,7363000000,,,,203712000000,0.5820043540617911,0.32109777211457696,0.28603671811164,0.16439510912657013,0.14092418104211785,0.065096652172174,0.15009228096840735,72764000000,0.20788645155392008,74589000000,11882000000,-83775000000,293199000000,,,54.580335868441054,0.30797578472025694,0.22235794747876764,0.2995650197297122,0.13866243322901553,0.386206896551724,-0.02161609809778342,5036000000,
GOOGL,2025,FY,402836000000,162535000000,,61087000000,,28693000000,21482000000,273797000000,24953000000,129039000000,736000000,4337000000,29787000000,158826000000,26656000000,132170000000,132170000000,10.91,10.81,0.83,12116000000,12230000000,,242800000000,30708000000,96135000000,,62886000000,,206038000000,,33380000000,1283000000,595281000000,12200000000,102745000000,1996000000,0,46547000000,6578000000,,180016000000,415265000000,164713000000,91447000000,-120291000000,-37388000000,45709000000,21136000000,10049000000,,,,240301000000,0.5965231508603998,0.32032638592380025,0.3280987796522654,0.16783146336242177,0.15164235569810047,0.06194332184809699,0.22700801318650765,73266000000,0.18187550268595656,103293000000,48543000000,-78300000000,380602000000,,,56.979490412972034,0.3182786895115167,0.22202959610671263,0.2479385726141225,0.15090081081544376,0.3445273631840798,-0.017433919820036947,6578000000,
MSFT,2023,FY,211915000000,65863000000,146052000000,27195000000,,22759000000,7575000000,57529000000,9611000000,88523000000,1968000000,2994000000,788000000,89311000000,16950000000,72361000000,,9.72,9.68,2.72,7446000000,7472000000,,229000000000,34704000000,76558000000,9879000000,48688000000,2500000000,184257000000,95641000000,67886000000,9366000000,411976000000,18095000000,104149000000,5247000000,0,41990000000,50901000000,2912000000,205753000000,206223000000,87582000000,28107000000,-22680000000,-43935000000,22245000000,11000000000,19800000000,,,,146052000000,0.6892008588349102,0.417728806361041,0.3414623787839464,0.18978625253328257,0.12832975485454073,0.04535308968218389,0.13263336715192411,59475000000,0.2806549795908737,80108000000,47237000000,-64025000000,128971000000,,13.854516192703034,83.85966071302173,0.35088714643856406,0.175643726819038,0.3278655285660564,,,,53813000000,
MSFT,2024,FY,245122000000,74114000000,171008000000,29510000000,,24456000000,7609000000,61575000000,10734000000,109433000000,2935000000,3157000000,-1646000000,107787000000,19651000000,88136000000,,11.86,11.8,3,7431000000,7469000000,,275000000000,18315000000,57228000000,14600000000,56924000000,1246000000,159734000000,135591000000,119220000000,27597000000,512163000000,21996000000,125286000000,2249000000,6693000000,42688000000,57582000000,2602000000,243686000000,268477000000,118548000000,44477000000,-96970000000,-37757000000,17254000000,15200000000,21771000000,,,,171008000000,0.6976444382797138,0.44644299573273716,0.35955972944084985,0.18231326597827197,0.12038903076835208,0.04379043904667879,0.18144842160230415,74071000000,0.3021801388696241,34448000000,44937000000,-30606000000,121660000000,,6.136357503305718,84.76293437553545,0.32828137978299815,0.17208583985957596,0.30322675564539275,0.15669962013071279,0.21900826446281002,-0.0004014989293361637,60184000000,
MSFT,2025,FY,281724000000,87831000000,193893000000,32488000000,,25654000000,7223000000,65365000000,11974000000,128528000000,2385000000,2647000000,-4901000000,123627000000,21795000000,101832000000,,13.7,13.64,3.32,7433000000,7465000000,,375000000000,30242000000,64323000000,15405000000,69905000000,938000000,191131000000,204966000000,119509000000,22604000000,619003000000,27724000000,141218000000,2999000000,0,40152000000,64555000000,2710000000,275524000000,343479000000,136162000000,64551000000,-72599000000,-51699000000,18420000000,22000000000,24082000000,,,,193893000000,0.6882374238616519,0.4562195624085985,0.3614601524896707,0.17629644009803683,0.11531853871164686,0.042502591188539135,0.22912850875324786,71611000000,0.2541884965427156,49913000000,43151000000,-51414000000,201366000000,,3.8980542177591055,90.56851741420681,0.2964722734140952,0.16450970350709124,0.29706098731461084,0.1493215623240672,0.1559322033898305,-0.0005355469272995128,67265000000,
META,2023,FY,134902000000,25959000000,,38483000000,,12301000000,11408000000,88151000000,14027000000,46751000000,446000000,1639000000,677000000,47428000000,8330000000,39098000000,,15.19,14.87,,2574000000,2629000000,,,41862000000,23541000000,,16169000000,,85365000000,,20654000000,788000000,229623000000,4849000000,31960000000,,,18385000000,626000000,,76455000000,153168000000,71113000000,27266000000,-24495000000,-19500000000,19774000000,11178000000,0,,8455000000,,108943000000,0.8075714222176098,0.3465552771641636,0.28982520644616094,0.17563464620055663,0.2852663414923426,0.10397918488977183,0.20211709240782197,43847000000,0.32502853923588976,53405000000,18385000000,-47018000000,131726000000,,,43.747942951179375,0.25526219575890524,0.1702703997421861,0.2971671484950982,,,,626000000,
META,2024,FY,164501000000,30161000000,,43873000000,,11347000000,9740000000,95121000000,16690000000,69380000000,715000000,2517000000,1283000000,70663000000,8303000000,62360000000,,24.61,23.86,2,2534000000,2614000000,,,43889000000,33926000000,,16994000000,,100045000000,,20654000000,915000000,276054000000,7687000000,33596000000,,,28826000000,721000000,,93417000000,182637000000,91328000000,37256000000,-47150000000,-40781000000,30125000000,15498000000,5072000000,,10432000000,,134340000000,0.8166515705071702,0.42176035404040096,0.3790858414234564,0.11750137978857393,0.2667035458751011,0.10145834979726567,0.22647886638986997,54072000000,0.3287031689776962,66449000000,28826000000,-48989000000,161068000000,,,37.70682245092735,0.34144231453648494,0.22589783158367566,0.36537741099614945,0.21941112807816043,0.6045729657027573,-0.005705591479650107,721000000,
META,2025,FY,200966000000,36175000000,,57372000000,,11991000000,12152000000,117690000000,20427000000,83276000000,1165000000,2123000000,2656000000,85932000000,25474000000,60458000000,,23.98,23.49,2.1,2521000000,2574000000,,,35873000000,45719000000,,19769000000,,108722000000,,24534000000,3692000000,366021000000,8894000000,41836000000,,,58744000000,,,148778000000,217243000000,115800000000,69691000000,-102003000000,-20370000000,26248000000,18616000000,5324000000,,29906000000,,164791000000,0.8199944269179861,0.41437855159579234,0.3008369574952977,0.2964436996695061,0.2854811261606441,0.10164405919409253,0.3467800523471632,46109000000,0.2294368201586338,66886000000,58744000000,-22848000000,189017000000,,,35.905003831493886,0.2782966539773433,0.16517631502017643,0.2440064072329069,0.2216703849824621,-0.015507124895222171,-0.015302218821729108,0,
AMZN,2024,FY,637959000000,326288000000,,,,43907000000,11359000000,569366000000,22011000000,68593000000,2406000000,4677000000,21000000,68614000000,9265000000,59248000000,,5.66,5.53,,10473000000,10721000000,,,78779000000,22423000000,,55451000000,34214000000,190867000000,252665000000,23074000000,8602000000,624894000000,94363000000,179431000000,5017000000,,52623000000,18103000000,6500000000,,285970000000,115877000000,82999000000,-94342000000,-11812000000,0,52795000000,,5680000000,0,9182000000,311671000000,0.48854393464156787,0.1075194487420038,0.09287117197186653,0.13503075174162707,,0.03450221722712588,0.13010083720113674,32878000000,0.05153622724971354,11436000000,57640000000,-43562000000,254294000000,,38.27327391752072,31.72557327351758,0.2071825715984194,0.09481288026449286,0.22403281959357693,,,,24603000000,
AMZN,2025,FY,716924000000,356414000000,,,,47129000000,11172000000,636949000000,19467000000,79975000000,2274000000,4381000000,17336000000,97311000000,19087000000,77670000000,,7.29,7.17,,10656000000,10827000000,,,86810000000,36219000000,,67729000000,38325000000,229083000000,357025000000,23273000000,9197000000,818042000000,121909000000,218005000000,2748000000,,65648000000,20576000000,4400000000,,411065000000,139514000000,131819000000,-142545000000,9661000000,,65756000000,,3680000000,15673000000,5021000000,360510000000,0.5028566486824266,0.11155296795755199,0.10833784334183261,0.19614432078593375,,0.027153505810936725,0.18386746712343288,7695000000,0.010733355278941701,11078000000,68396000000,-54633000000,378595000000,,39.24824782415954,34.482155709670764,0.1889482198679041,0.09494622525493801,0.16372900602607646,0.12377754683294695,0.29656419529837247,0.009887137393899792,24976000000,
AMZN,2026,FY,,,,,,,,,19810000000,,,,,,,90798000000,,,,,,,,,,,,,,,,,,,,,,,,,,,,148531000000,151003000000,-176954000000,62475000000,,70439000000,,19297000000,68368000000,5021000000,,,,,,,,,-2472000000,,,,,,,,,,,,,,,0,
TSLA,2023,FY,96773000000,79113000000,17660000000,3969000000,4800000000,,,8769000000,1812000000,8891000000,156000000,1066000000,172000000,9973000000,-5001000000,14997000000,14999000000,4.73,4.3,,3174000000,3485000000,,3430000000,16398000000,12696000000,,3508000000,13626000000,49616000000,29725000000,253000000,178000000,106618000000,14431000000,28748000000,1975000000,,2682000000,2864000000,3251000000,43009000000,62634000000,13256000000,8898000000,-15584000000,2589000000,,3330000000,,64000000,3931000000,1351000000,17660000000,0.18248891736331416,0.0918747997891974,0.15497091130790613,-0.5014539255991176,0.04101350583323861,0.018724230932181497,0.09194713401465285,4358000000,0.04503322207640561,20868000000,4657000000,-24437000000,62203000000,,62.865647870767134,13.23116985109483,0.23943864354823258,0.1406610516047947,0.2623037913367605,,,,6115000000,
TSLA,2024,FY,97690000000,80240000000,17450000000,4540000000,5150000000,,,10374000000,1999000000,7076000000,350000000,1569000000,695000000,8990000000,1837000000,7091000000,7130000000,2.23,2.04,,3197000000,3498000000,,7180000000,16139000000,20424000000,,4418000000,12017000000,58360000000,35836000000,244000000,150000000,122070000000,12474000000,28821000000,2343000000,,5535000000,3168000000,3317000000,48390000000,72913000000,14923000000,11339000000,-18787000000,3853000000,,4120000000,,0,5744000000,,17450000000,0.17862626676220697,0.07243320708363189,0.07258675401781145,0.20433815350389323,0.04647353874500972,0.02046268809499437,0.11607124577745931,3584000000,0.03668748080663323,29539000000,7878000000,-28685000000,72519000000,,54.66357178464606,16.507011976660866,0.09725289043106168,0.05808962070942902,0.08708320277495593,0.009475783534663594,-0.5255813953488372,0.0037302725968435535,6485000000,
TSLA,2025,FY,94827000000,77733000000,17094000000,6411000000,5834000000,,,12739000000,2825000000,4355000000,338000000,1680000000,-419000000,5278000000,1423000000,3794000000,3794000000,1.18,1.08,,3225000000,3528000000,,10420000000,16513000000,27546000000,,4576000000,12392000000,68642000000,,257000000,124000000,137806000000,13371000000,31714000000,1569000000,,6584000000,3424000000,3631000000,54941000000,82137000000,14747000000,8527000000,-15478000000,1139000000,,5030000000,,0,5586000000,,17094000000,0.18026511436616155,0.04592573845001951,0.04000970187815706,0.2696097006441834,0.06760732702711253,0.029791093254031027,0.08992164678836197,6220000000,0.06559313275754795,36928000000,8153000000,-35906000000,81756000000,,58.18738502309187,17.613548883756735,0.04619111971462313,0.02753145726601164,0.043114381903500844,-0.029306991503736307,-0.47058823529411764,0.00857632933104635,7055000000,
CEG,2023,FY,20841000000,,,,,,,23335000000,178000000,1610000000,431000000,,837000000,2447000000,859000000,1623000000,,5.02,5.01,0.282,323000000,324000000,,364000000,368000000,,563000000,1934000000,,8299000000,22116000000,425000000,336000000,50758000000,1302000000,6319000000,121000000,,7496000000,,,39472000000,10925000000,-5301000000,2422000000,3031000000,2196000000,992000000,2514000000,366000000,1690000000,3195000000,168000000,,,0.0772515714217168,0.0778753418741903,0.3510420923579894,,0.008540856964637014,0.11621323353006094,-7723000000,-0.3705676311117509,1980000000,7617000000,7249000000,10164000000,,,33.87121539273547,0.148558352402746,0.03197525513219591,0.05748994339736091,,,,0,
CEG,2024,FY,18964000000,,,,,,,19287000000,332000000,4352000000,506000000,,164000000,4516000000,774000000,3749000000,,11.91,11.89,0.3525,315000000,315000000,,915000000,3022000000,,640000000,3116000000,1600000000,10776000000,21235000000,420000000,236000000,52926000000,2369000000,6846000000,1028000000,,7384000000,,,39387000000,13166000000,-2464000000,2565000000,7428000000,-2289000000,999000000,2700000000,444000000,32000000,920000000,121000000,,,0.22948744990508332,0.19769036068340012,0.17139061116031887,,0.017506855093862055,0.13525627504745835,-5029000000,-0.26518666947901287,3930000000,8412000000,5390000000,12510000000,,,59.97363425437671,0.2847485948655628,0.07083475040622757,0.19433649818011922,-0.09006285686867233,1.3732534930139724,-0.02777777777777779,0,
CEG,2025,FY,22663000000,,,,,,,22447000000,385000000,3086000000,511000000,,425000000,3511000000,1187000000,2319000000,,7.4,7.4,0.3878,313000000,314000000,,1047000000,3641000000,,307000000,4266000000,1736000000,12119000000,22474000000,420000000,201000000,57249000000,2813000000,7944000000,92000000,,7250000000,,,42396000000,14517000000,4237000000,2949000000,-3198000000,-420000000,400000000,2601000000,486000000,14000000,0,1076000000,,,0.1361690861757049,0.1023253761637912,0.3380803189974366,,0.016988042183294357,0.1301239906455456,1288000000,0.056832722940475665,4175000000,7342000000,3701000000,13896000000,,,68.70626130697613,0.15974374870841082,0.04050725776869465,0.11212449970215778,0.1950537861210715,-0.3776282590412111,-0.0031746031746031633,0,
BE,2023,FY,1268782000,1135676000,197794000,155865000,,89961000,160875000,406701000,,-208907000,108300000,19885000,-2793000,-306043000,1894000,-302116000,,-1.42,-1.42,,212681000,212681000,,,664593000,,,340740000,502515000,1693167000,,,,2413677000,132078000,470422000,0,,846633000,,,1893007000,502078000,-372531000,83739000,-83725000,683349000,,62609000,0,,637127000,,133106000,0.15589281689052967,-0.16465161075740356,-0.23811497956307703,-0.006188672833556069,0.12284616269776841,,0.06599951764763372,-456270000,-0.3596126048446463,1222745000,846633000,182040000,502078000,,161.5055482373494,98.02322227143829,-0.6017312051115564,-0.12516836345542506,-0.3072567262893824,,,,0,
BE,2024,FY,1441394000,1069208000,404648000,148629000,,68005000,165105000,381739000,,22909000,62600000,25342000,15904000,-26357000,846000,-27203000,,-0.13,-0.13,,227365000,227365000,,,802851000,,,335841000,544656000,2044127000,,,,2657354000,92704000,636758000,114385000,,1014407000,,,2072138000,562471000,91998000,58852000,-58782000,175207000,,53048000,1468000,,402500000,,372186000,0.2807337896508519,0.015893641849487373,-0.01887270239781767,-0.03209773494707288,0.10311476251462126,,0.04082991881470299,33146000,0.022995794349081514,1407369000,1128792000,325941000,562471000,,185.93149321740952,85.04403723062535,-0.048363382289931395,-0.01023687472576104,0.02661414637567085,0.13604543570132616,-0.9084507042253522,0.06904236861778901,0,
BE,2025,FY,2001614000,1436594000,587400000,185993000,,130228000,198377000,514598000,,72802000,53888000,34070000,2151000,-84404000,2736000,-87140000,,-0.37,-0.37,,240402000,240402000,,,2454108000,,,371796000,643306000,3730567000,,,,4396711000,203129000,623832000,4153000,,2613726000,,,3603748000,768641000,113949000,56759000,-93119000,1508402000,,50566000,947000,,2500000000,,565020000,0.2934631752175994,0.03637164807999944,-0.043534867362038834,-0.03241552533055306,0.09292151233954199,,0.02835661621071795,57190000,0.028571942442448945,3106735000,2617879000,163771000,768641000,,163.4467984691569,67.7980569680268,-0.11336891995092638,-0.019819360426464237,0.08061019707502148,0.38866541695053536,1.846153846153846,0.05733952015481725,0,
AAOI,2023,FY,217646000,158725000,58921000,35975000,,11069000,53226000,100270000,11884000,-41349000,9428000,609000,-14690000,-56039000,9000,-56048000,,-1.75,-1.75,,31944259,31944259,,,45366000,,,48071000,63866000,172605000,200317000,,3628000,389186000,32892000,93358000,23197000,,0,1803000,,174317000,214869000,-7929000,9079000,-14761000,40578000,,20427000,,,,,58921000,0.27071942512152763,-0.18998281613261903,-0.2575190906334139,-0.00016060243758810828,0.16529134466059564,0.05460242779559468,0.04171452725986235,-17008000,-0.07814524503092177,79247000,23197000,-22169000,211241000,,146.86464010080326,80.6167584058517,-0.26084730696377795,-0.14401340233204687,-0.21461152439123943,,,,1803000,
AAOI,2024,FY,249365000,187565000,61800000,54955000,,18154000,59599000,132708000,14790000,-70908000,6826000,874000,-115823000,-186731000,2000,-186733000,,-4.5,-4.5,,41538551,41538551,,,67428000,,,116801000,88135000,301268000,219235000,,3680000,547032000,104969000,170069000,22369000,,4313000,0,,317920000,229112000,-69526000,43406000,-50697000,142179000,,20649000,,,,,61800000,0.24782948689671766,-0.28435425981994267,-0.7488340384576825,-1.0710594384435363e-05,0.2203797646020893,0.0593106490485834,0.17406612796503118,-112932000,-0.45287831090971065,131199000,26682000,-40746000,225432000,,171.5100098632474,170.96370781785737,-0.8150293306330528,-0.3413566299594905,-0.3764413931751304,0.14573665493507806,1.5714285714285714,0.3003447974798852,0,
AAOI,2025,FY,455715000,318802000,136913000,85507000,,30267000,75741000,191515000,11710000,-54602000,3497000,1792000,7898000,-46704000,-8476000,-38228000,,-0.64,-0.64,,60183987,60183987,,,206140000,,,244404000,183105000,675727000,376050000,,3623000,1168423000,143932000,257283000,33975000,,0,,,434505000,733918000,-174428000,179148000,-210604000,527941000,,27696000,,,,,136913000,0.300435579254578,-0.1198161131408885,-0.08388576193454242,0.18148338472079478,0.1876326212654839,0.025695884489209266,0.39311411737599156,-353576000,-0.775870884214915,418444000,33975000,-172165000,730295000,,209.63897654343447,195.75274019946676,-0.05208756291574808,-0.03271760312831911,-0.07955924441431583,0.8275018547109658,-0.8577777777777778,0.44887064067304605,0,
IREN,2023,FY,75509000,39419000,,,49004000,716000,,,14356000,-157241000,16207000,924000,-12196000,-169437000,2390000,-171827000,-171827000,-3.14,-3.14,0,54775771,54775771,,,,,,,,,,,,,,,,,,,,,305448000,5729000,116064000,-71467000,28558000,,30673000,,,,9432000,36090000,0.4779562701134964,-2.082414016872161,-2.275583043080957,-0.014105537751494656,,0.19012303169158642,1.5370882941106359,-110335000,-1.4612165437232647,,,,305448000,,,,-0.5625409234959797,,,,,,0,
IREN,2024,FY,187192000,87067000,,,70424000,2051000,,,23636000,-27234000,98000,5831000,1767000,-25467000,3453000,-28920000,-28920000,-0.29,-0.29,0,99640920,99640920,,,404601000,6530000,0,152000,,452385000,441371000,,,1152819000,27345000,51072000,,,,,,55346000,1097471000,52219000,141855000,-498466000,782626000,,50470000,,,,0,100125000,0.5348786272917646,-0.14548698662335996,-0.1544937817855464,-0.13558723053363175,,0.12626607974699774,0.7578048207188341,-89636000,-0.4788452497969999,401313000,,,1097471000,,,0.29638018718748665,-0.026351493570217346,-0.025086331852615197,,1.4790687202849992,-0.9076433121019108,0.8190692377474704,0,
IREN,2025,FY,501023000,158992000,,,136458000,2884000,,,42642000,17327000,11045000,7504000,76173000,93501000,6560000,86941000,86941000,0.41,0.39,0,214586767,223245651,,,564526000,0,211617000,1564000,,641173000,1930567000,,0,2940323000,81747000,149347000,,,,884000,0,1122835000,1817488000,245886000,573456000,-1380487000,1294735000,,181136000,,,,0,342031000,0.6826652668639963,0.03458324268546554,0.17352696383199973,0.07015967743660495,,0.08510986521576853,1.1445702093516665,-327570000,-0.6538023204523545,491826000,,,1817488000,,,1.1393888104937298,0.04783580414286091,0.02956852019318966,,1.6765192956963972,-2.3448275862068964,1.2405017035169887,884000,
CRWV,2023,FY,229000000,69000000,,21000000,,13000000,30000000,243000000,15000000,-14000000,27000000,,18000000,-558000000,36000000,-594000000,-594000000,-3.09,-3.09,,192000000,192000000,,,217000000,,,,,,,0,,,,,,,,,,,-597000000,1833000000,2943000000,-3148000000,1788000000,,103000000,,0,1404000000,2000000,160000000,0.6986899563318777,-0.0611353711790393,-2.593886462882096,-0.06451612903225806,0.09170305676855896,0.06550218340611354,12.851528384279476,-1110000000,-4.847161572052402,,,,-597000000,,,,0.9949748743718593,,,,,,0,
CRWV,2024,FY,1915000000,493000000,,56000000,,18000000,119000000,1591000000,31000000,324000000,349000000,,49000000,-744000000,119000000,-863000000,-937000000,-4.3,-4.3,0,218000000,218000000,,,1361000000,0,,417000000,,1916000000,11915000000,20000000,5000000,17833000000,868000000,4963000000,2468000000,,5458000000,769000000,3295000000,16525000000,-414000000,2749000000,8702000000,-8658000000,7464000000,,863000000,,0,7018000000,589000000,1422000000,0.7425587467362924,0.1691906005221932,-0.4506527415143603,-0.15994623655913978,0.029242819843342035,0.01618798955613577,4.544125326370757,-5953000000,-3.108616187989556,-3047000000,7926000000,6565000000,-439000000,,,79.48041775456919,2.0845410628019323,-0.04839342791454046,0.061099427840214805,7.362445414847161,0.39158576051779936,0.13541666666666674,4064000000,
CRWV,2025,FY,5131000000,1453000000,,352000000,,144000000,651000000,5177000000,630000000,-46000000,1148000000,,33000000,-1215000000,-48000000,-1167000000,-1196000000,-2.75,-2.81,0,435000000,436000000,,60700000000,3127000000,34000000,,3169000000,,7488000000,30557000000,1101000000,235000000,49302000000,1623000000,16440000000,6708000000,,14665000000,1709000000,6476000000,45967000000,3335000000,3058000000,10309000000,-10271000000,9308000000,,2454000000,,108000000,11829000000,3399000000,3678000000,0.7168193334632625,-0.00896511401286299,-0.22744104463067627,0.03950617283950617,0.0686026115766907,0.12278308321964529,2.009160007795751,-7251000000,-1.4131748197232508,-8952000000,21373000000,18212000000,1999000000,,,225.4307152601832,-0.34992503748125936,-0.023670439333089936,-0.0020472969764785097,1.6793733681462142,-0.3465116279069767,1.0,8185000000,
LITE,2023,FY,1767000000,,569000000,307800000,348800000,,,684700000,148400000,-115700000,35500000,40800000,48800000,,29200000,-131600000,-131600000,-1.93,-1.93,,68300000,68300000,,,859000000,1154600000,,,408600000,2777900000,489500000,695100000,459200000,4632100000,169400000,633800000,,,,,,3276300000,1355800000,179800000,128500000,-874000000,263000000,175600000,106600000,,861600000,0,,,0.322014714204867,-0.0654782116581777,-0.07447651386530843,,0.17419354838709677,0.08398415393322015,0.07272212790039616,51300000,0.02903225806451613,2144100000,,,201500000,,,,-0.09706446378521906,-0.028410440189115087,,,,,0,
LITE,2024,FY,1359200000,,251500000,302200000,310700000,,,685500000,128800000,-434000000,33800000,61300000,62100000,,140800000,-546500000,-546500000,-8.12,-8.12,,67300000,67300000,,,436700000,450300000,,,398400000,1590100000,,1055800000,617500000,3931900000,126300000,269300000,0,,2503200000,,,2974600000,957300000,24700000,133000000,-114300000,-332700000,0,110600000,,700900000,0,,,0.1850353148911124,-0.3193054738081224,-0.40207474985285463,,0.22233666862860507,0.09476162448499117,0.09785167745732784,-108300000,-0.07967922307239553,1320800000,2503200000,1616200000,-716000000,,,,-0.5708764232737908,-0.13899132734810143,,-0.23078664402942842,3.2072538860103625,-0.014641288433382083,0,
LITE,2025,FY,1645000000,,459900000,303900000,348200000,,,640000000,177200000,-180100000,22200000,,30200000,,-198000000,25900000,25900000,0.38,0.37,,69000000,69600000,,,520700000,356400000,,,470100000,1717300000,,1060900000,465100000,4218700000,225200000,392800000,10600000,,2562600000,,0,3084000000,1134700000,126300000,231000000,-84100000,41800000,0,104300000,,0,76500000,,,0.2795744680851064,-0.10948328267477203,0.01574468085106383,,0.18474164133738602,0.10772036474164133,0.14042553191489363,-104700000,-0.06364741641337386,1324500000,2573200000,1696100000,-391300000,,,,0.02282541640962369,0.00613933202171285,,0.21027074749852856,-1.045566502463054,0.034175334323922835,0,
PLTR,2023,FY,2225012000,431105000,1793907000,404624000,,744992000,524325000,1673941000,475903000,119966000,3470000,132572000,-11977000,237091000,19716000,209825000,209825000,0.1,0.09,,2147446000,2297927000,,1200000000,831047000,2843132000,,364784000,,4138618000,47758000,,25902000,4522425000,12122000,746018000,,,,246901000,28047000,961460000,3475561000,712183000,15114000,-2711180000,218839000,0,33354000,,0,,0,1793907000,0.8062459887856784,0.05391701258240405,0.09430286218681068,0.08315794357440814,0.18185250236852654,0.21388783521167526,0.006792772353587307,697069000,0.3132877485604572,3392600000,,,3449659000,,,59.84064805043748,0.060371548650707034,0.04639656821285041,,,,,274948000,
PLTR,2024,FY,2865507000,565990000,2299517000,507878000,,887755000,593481000,1989114000,691638000,310403000,,196792000,-18022000,489173000,21255000,462190000,462190000,0.21,0.19,,2250163000,2450818000,,1700000000,2098524000,3131463000,,575048000,,5934289000,39638000,,18058000,6340884000,103000,996018000,,,,259624000,39885000,1246477000,5003275000,1153865000,12634000,-340655000,463364000,64196000,31587000,,,,,2299517000,0.8024817248745161,0.10832393709036481,0.16129431894600152,0.04345088547405519,0.1772384433191055,0.24136671102181917,0.004408992893753182,1141231000,0.3982649492742471,4938271000,,,4985217000,,,73.24795228209179,0.09237749274225382,0.0728904676382662,,0.2878613688375613,1.1111111111111112,0.0665343154939213,299509000,
PLTR,2025,FY,4475446000,789177000,3686269000,557677000,,1056859000,657718000,2272254000,684033000,1414015000,,229181000,14172000,1657368000,22724000,1625033000,1625033000,0.69,0.63,,2369612000,2565197000,,4100000000,1423796000,5753247000,,1042065000,,8358174000,51960000,,,8900392000,8064000,1175581000,,,,408963000,46216000,1412381000,7387268000,2134473000,33882000,-2783551000,-26910000,74985000,26145000,,,,,3686269000,0.8236651721415028,0.3159495165398041,0.3630996776634105,0.013710895830014818,0.12460813961334803,0.15284130341422955,0.007570642121477949,2100591000,0.4693590314797676,7182593000,,,7387268000,,,84.98677561968125,0.21997753431985953,0.18257993580507464,,0.5618339093221548,2.3157894736842106,0.04666972414924331,455179000,
INTC,2023,FY,54228000000,32517000000,21711000000,16046000000,5634000000,,,21618000000,3229000000,93000000,878000000,1335000000,629000000,762000000,-913000000,1689000000,,0.4,0.4,0.74,4190000000,4212000000,,,,1194000000,,3402000000,11127000000,43269000000,,27591000000,4589000000,191572000000,8578000000,28053000000,2288000000,0,46978000000,,,,105590000000,11471000000,25750000000,-24041000000,8505000000,0,7847000000,3088000000,13000000,11391000000,423000000,21711000000,0.400365125027661,0.001714981190528878,0.031146271298959947,-1.1981627296587927,0.2958987976691008,0.05954488456148115,0.4748469425389098,-14279000000,-0.26331415504905215,15216000000,49266000000,,73410000000,,124.89943721745549,22.898318211993807,0.01599583293872526,0.008816528511473493,,,,,0,
INTC,2024,FY,53101000000,35756000000,17345000000,16546000000,5507000000,,,29023000000,3410000000,-11678000000,1034000000,1245000000,226000000,-11210000000,8023000000,-18756000000,,-4.38,-4.38,0.38,4280000000,4280000000,,,8249000000,848000000,,3478000000,12198000000,47324000000,,24693000000,3691000000,196485000000,12556000000,35666000000,3729000000,0,46282000000,,,,99270000000,8288000000,23944000000,-18256000000,11138000000,,9951000000,1599000000,82000000,2975000000,2288000000,17345000000,0.32664168283083184,-0.2199205288036007,-0.35321368712453627,-0.715700267618198,0.31159488521873413,0.06421724637954088,0.45091429539933336,-15656000000,-0.2948343722340446,11658000000,50011000000,40914000000,70886000000,,124.51812283253162,23.906706088397584,-0.18893925657298277,-0.09545766852431484,-0.14206667795426084,-0.020782621523935976,-11.95,0.01614434947768273,0,
INTC,2025,FY,52853000000,34478000000,18375000000,13774000000,4624000000,,,20589000000,2434000000,-2214000000,1091000000,1007000000,3257000000,1557000000,1531000000,-267000000,,-0.06,-0.06,,4530000000,4530000000,,,14265000000,484000000,,3839000000,11618000000,63688000000,,23912000000,2772000000,211429000000,9882000000,31575000000,2499000000,0,44086000000,,,,114281000000,9697000000,14646000000,-14821000000,11587000000,,10757000000,0,,0,3750000000,18375000000,0.34766238434904356,-0.04188976973870925,-0.005051747299112633,0.98330122029544,0.26060961534823,0.0460522581499631,0.2771082057782907,-4949000000,-0.0936370688513424,32113000000,46585000000,31836000000,87597000000,,122.99350310342828,26.511929313378616,-0.002336346374287939,-0.0012628352780365986,-0.00025218858170064244,-0.004670345191239336,-0.9863013698630138,0.05841121495327095,0,
